,recency,frequency,monetary,cluster,CustomerID
0,2,182,4310.0,2,12347
1,75,31,1797.24,1,12348
2,18,73,1757.55,1,12349
3,310,17,334.4,3,12350
4,36,85,2506.04,1,12352
5,232,58,1079.4,3,12354
6,214,13,459.4,3,12355
7,22,59,2811.43,1,12356
8,52,129,2662.06,2,12360
9,287,10,189.9,3,12361
10,3,266,5226.23,2,12362
11,109,23,552.0,0,12363
12,7,85,1313.1,1,12364
13,291,22,641.38,3,12365
14,4,11,168.9,0,12367
15,51,167,3545.69,2,12370
16,44,63,1887.96,1,12371
17,71,52,1298.04,1,12372
18,311,14,364.6,3,12373
19,25,33,742.9300000000001,0,12374
20,10,17,457.5,0,12375
21,129,219,4008.62,2,12378
22,81,40,852.24,0,12379
23,21,104,2724.81,1,12380
24,4,87,1845.31,1,12381
25,184,99,1850.56,1,12383
26,28,27,585.27,0,12384
27,15,100,2780.66,1,12388
28,79,32,549.84,0,12390
29,21,100,460.89,1,12391
30,72,64,1582.6,1,12393
31,63,27,1272.48,0,12394
32,19,156,3018.63,2,12395
33,35,126,2409.9,1,12397
34,45,85,1635.66,1,12398
35,119,59,1108.65,1,12399
36,49,5,427.7,0,12403
37,148,54,1710.39,1,12405
38,22,105,3415.3,2,12406
39,49,77,1708.12,1,12407
40,32,105,2888.55,2,12408
41,308,26,693.3299999999999,3,12410
42,74,61,1226.88,1,12412
43,66,38,758.1,0,12413
44,217,18,562.41,3,12414
45,3,192,3649.1,2,12417
46,112,34,668.58,0,12418
47,63,29,600.39,0,12420
48,15,45,807.04,0,12421
49,95,39,803.5600000000001,0,12422
50,162,30,1760.96,3,12424
51,78,36,777.2,0,12425
52,194,30,582.73,3,12426
53,21,31,825.8,0,12427
54,9,97,3750.4,2,12429
55,43,11,256.4,0,12430
56,42,108,5059.32,2,12432
57,84,50,806.14,0,12434
58,99,16,509.01,0,12436
59,14,98,2906.85,2,12438
60,3,12,172.06,0,12442
61,21,177,5005.46,2,12444
62,22,4,133.4,0,12445
63,57,58,1002.31,0,12446
64,243,26,476.49,3,12447
65,44,22,449.45,0,12448
66,22,191,4067.29,2,12449
67,156,8,197.88,3,12450
68,16,22,430.57,0,12452
69,134,43,707.09,3,12453
70,56,15,3528.34,2,12454
71,73,90,2466.86,1,12455
72,44,125,3181.04,2,12456
73,66,63,2363.23,1,12457
74,71,38,947.4,0,12458
75,94,35,826.88,0,12461
76,18,62,1189.59,1,12462
77,53,83,1344.78,1,12463
78,10,29,1212.05,0,12464
79,17,47,742.1899999999999,0,12465
80,187,38,729.5400000000001,3,12468
81,29,168,3938.55,2,12473
82,53,36,723.38,0,12475
83,3,36,680.99,0,12478
84,11,31,527.2,0,12479
85,28,154,3281.63,2,12480
86,22,217,5596.32,2,12481
87,17,75,2484.98,1,12483
88,9,55,1298.66,1,12488
89,5,245,5417.93,2,12490
90,38,26,460.4,0,12491
91,63,20,263.21000000000004,0,12492
92,165,22,433.74,3,12493
93,15,77,1246.1,1,12494
94,81,14,1043.1,0,12497
95,21,23,403.7000000000001,0,12498
96,23,61,4257.82,2,12500
97,95,147,3723.87,2,12502
98,18,9,482.05,0,12504
99,134,22,1304.81,1,12507
100,26,69,398.27,0,12508
101,284,7,176.5,3,12509
102,142,33,982.57,3,12510
103,66,34,138.03,0,12512
104,112,35,612.29,0,12513
105,267,51,1017.68,3,12514
106,77,26,1312.06,0,12516
107,28,284,2502.84,2,12517
108,63,18,340.84,0,12519
109,79,152,2634.26,2,12520
110,142,38,599.68,3,12521
111,39,12,192.72,0,12522
112,19,106,1789.77,1,12523
113,9,144,4485.72,2,12524
114,81,18,348.71000000000004,0,12527
115,9,92,1933.48,1,12528
116,59,66,1662.28,1,12530
117,14,17,125.22,0,12531
118,30,16,349.83000000000004,0,12532
119,130,63,1089.18,1,12534
120,91,34,716.35,0,12535
121,29,21,363.95,0,12538
122,22,273,5568.35,2,12539
123,29,52,981.18,0,12541
124,36,19,372.7,0,12544
125,75,50,1000.39,0,12545
126,46,69,1161.5,1,12546
127,197,8,207.8,3,12547
128,79,57,964.83,0,12550
129,38,20,437.82,0,12552
130,8,191,3692.28,2,12553
131,50,121,603.71,1,12556
132,7,11,269.96,0,12558
133,310,21,561.71,3,12559
134,5,105,2134.01,1,12560
135,302,16,238.85,3,12561
136,8,168,3781.74,2,12562
137,261,21,456.9,3,12564
138,288,9,145.92,3,12565
139,86,19,351.65,0,12566
140,2,188,4124.69,2,12569
141,39,34,519.61,0,12571
142,8,60,1020.42,1,12572
143,227,28,160.54000000000002,3,12573
144,35,88,1315.83,1,12576
145,35,147,657.8,1,12577
146,21,114,2794.51,2,12578
147,78,29,440.42,0,12579
148,246,24,415.7,3,12580
149,39,15,197.71,0,12581
150,238,22,511.36,3,12582
151,3,96,2338.15,1,12584
152,234,87,2040.1,2,12585
153,17,11,196.94000000000003,0,12586
154,7,4,144.0,0,12587
155,39,10,214.9,0,12588
156,28,35,646.68,0,12589
157,92,18,437.6,0,12592
158,108,21,418.1,0,12593
159,37,118,3338.2200000000003,2,12594
160,51,27,618.27,0,12596
161,19,206,3811.22,2,12597
162,9,132,3023.08,2,12598
163,29,62,1032.58,1,12599
164,28,64,2599.04,1,12600
165,189,28,577.0600000000001,3,12601
166,58,12,153.12,0,12602
167,79,16,254.18,0,12604
168,60,101,1579.51,1,12607
169,78,60,1126.85,1,12609
170,22,106,2099.54,1,12610
171,52,65,1193.32,1,12611
172,74,19,704.0400000000001,0,12612
173,57,153,3344.38,2,12613
174,277,20,315.6,3,12614
175,2,105,2291.19,1,12615
176,95,32,713.3,0,12616
177,29,42,355.53,0,12617
178,21,11,177.31,0,12618
179,16,90,3641.24,2,12619
180,14,92,1339.41,1,12620
181,232,11,180.1,3,12622
182,276,18,305.1,3,12623
183,106,38,641.13,0,12624
184,211,86,2683.82,2,12625
185,10,230,4478.53,2,12627
186,4,41,786.46,0,12628
187,9,64,1270.88,1,12630
188,57,31,640.5,0,12631
189,58,101,2163.98,1,12633
190,89,101,1689.18,1,12635
191,33,39,671.69,0,12638
192,238,22,486.1,3,12639
193,23,53,1174.58,1,12640
194,115,10,185.9,0,12641
195,25,47,1013.26,0,12642
196,128,24,3344.64,2,12643
197,129,31,477.91,3,12644
198,33,73,1775.18,1,12645
199,4,45,1346.97,1,12646
200,22,122,3722.82,2,12647
201,154,21,318.05,3,12648
202,107,31,623.51,0,12649
203,3,20,314.44,0,12650
204,148,43,2209.85,1,12653
205,10,38,601.98,0,12654
206,17,126,4051.17,2,12656
207,11,47,1643.18,1,12657
208,18,36,686.05,0,12658
209,11,13,245.1,0,12660
210,8,37,4881.88,2,12664
211,58,33,620.13,0,12667
212,11,161,3807.15,2,12668
213,150,101,2744.03,2,12669
214,10,92,2996.05,2,12670
215,5,42,610.52,0,12673
216,38,83,1970.6,1,12674
217,24,45,1331.39,1,12676
218,58,48,1113.02,0,12679
219,7,105,2283.63,1,12684
220,28,157,2863.08,2,12685
221,113,171,4873.81,2,12688
222,25,72,1247.61,1,12689
223,205,16,389.01,3,12690
224,28,32,1035.8,0,12691
225,127,39,855.91,1,12693
226,70,37,869.67,0,12694
227,7,27,582.1,0,12695
228,28,41,957.59,0,12697
229,7,268,4939.99,2,12700
230,79,53,797.71,0,12701
231,19,12,219.0,0,12702
232,71,21,283.55,0,12703
233,7,88,2340.84,1,12704
234,291,33,603.42,3,12707
235,29,157,2712.91,2,12708
236,96,77,1149.02,1,12710
237,28,133,4396.13,2,12712
238,9,259,4708.86,2,12714
239,106,21,353.86,0,12715
240,3,69,1053.49,1,12716
241,151,55,1030.98,3,12717
242,71,19,238.25,0,12718
243,5,39,644.95,0,12719
244,31,161,2656.13,2,12721
245,85,53,997.63,0,12722
246,3,69,725.07,1,12723
247,5,53,1031.41,1,12724
248,28,124,2609.1,1,12726
249,10,139,3980.7,2,12727
250,71,46,836.33,0,12728
251,113,26,453.01,0,12729
252,179,12,236.26,3,12732
253,234,22,383.95,3,12733
254,78,38,1013.04,0,12739
255,63,27,427.6,0,12740
256,134,134,546.43,1,12743
257,2,103,4196.01,2,12747
258,3,199,4090.88,2,12749
259,128,15,275.88,3,12750
260,81,53,4366.78,2,12752
261,235,63,3010.74,2,12754
262,280,4,3811.95,2,12755
263,116,97,2791.59,2,12758
264,52,95,1531.44,1,12759
265,7,69,1898.52,1,12762
266,138,18,494.08,3,12763
267,238,32,1143.6,3,12769
268,210,12,1351.45,3,12770
269,59,55,892.47,0,12772
270,17,66,1386.04,1,12775
271,19,50,822.23,0,12778
272,37,149,3981.36,2,12779
273,63,25,826.74,0,12781
274,4,103,2330.92,1,12782
275,2,84,2225.91,1,12783
276,9,59,574.42,0,12784
277,9,20,463.66,0,12787
278,192,21,324.92,3,12790
279,256,25,400.54,3,12792
280,53,45,860.41,0,12794
281,18,14,430.48,0,12795
282,186,25,427.58,3,12802
283,36,28,483.65,0,12808
284,177,25,489.31,3,12809
285,260,31,514.85,3,12811
286,44,15,229.64,0,12812
287,147,47,1063.46,3,12815
288,95,29,572.2,0,12816
289,281,4,166.04,3,12817
290,261,14,1542.08,3,12818
291,3,59,942.34,1,12820
292,70,46,948.88,0,12822
293,74,5,1759.5,1,12823
294,59,25,397.12,0,12824
295,2,91,1474.72,1,12826
296,5,25,430.15,0,12827
297,2,56,1018.71,1,12828
298,262,9,215.05,3,12831
299,32,27,383.03,0,12832
300,145,24,417.38,3,12833
301,282,18,312.38,3,12834
302,59,175,2612.86,2,12836
303,173,12,134.1,3,12837
304,33,123,683.13,1,12838
305,2,314,5591.42,2,12839
306,143,113,2726.77,2,12840
307,70,34,1118.99,0,12842
308,65,103,1702.26,1,12843
309,29,52,325.96000000000004,0,12844
310,267,27,354.09,3,12845
311,22,91,871.54,1,12847
312,31,51,1050.89,0,12849
313,96,50,135.18,0,12851
314,294,17,311.55,3,12852
315,134,78,1957.1,1,12853
316,78,110,1324.5,1,12854
317,7,314,2179.93,2,12856
318,210,46,1106.4,3,12857
319,52,5,521.2,0,12863
320,26,95,1568.23,1,12865
321,283,26,559.12,3,12866
322,185,107,1607.0600000000002,1,12868
323,84,11,380.64,0,12871
324,282,4,374.0,3,12873
325,57,85,2218.02,1,12876
326,3,154,1535.77,1,12877
327,236,47,854.99,3,12878
328,44,10,573.22,0,12879
329,275,7,298.0,3,12881
330,9,13,1463.04,1,12882
331,24,42,703.47,0,12883
332,88,7,309.05,0,12884
333,63,71,1175.22,1,12885
334,67,82,1378.4,1,12886
335,214,5,354.12,3,12888
336,24,82,380.47,1,12890
337,30,34,188.14,0,12893
338,42,22,372.8,0,12895
339,204,4,216.5,3,12897
340,264,10,138.68,3,12902
341,18,72,509.58,0,12904
342,11,63,2919.81,1,12906
343,39,91,2178.67,1,12909
344,23,75,3075.04,2,12910
345,2,24,1662.3,1,12912
346,4,50,2483.63,1,12913
347,148,22,363.65,3,12915
348,138,107,3006.15,2,12916
349,8,50,1335.19,1,12919
350,17,28,164.23,0,12920
351,161,28,405.38,3,12922
352,64,29,176.97,0,12923
353,88,30,933.7,0,12924
354,4,45,694.05,0,12925
355,35,84,2062.7000000000003,1,12928
356,311,8,117.85,3,12929
357,78,25,415.8,0,12930
358,24,106,607.53,1,12933
359,2,129,2160.7,1,12935
360,17,62,1063.9,1,12936
361,15,120,1504.27,1,12937
362,25,9,114.14,0,12938
363,54,99,913.54,1,12940
364,131,75,683.9,1,12942
365,35,30,604.51,0,12944
366,288,23,462.95,3,12945
367,143,97,1603.99,1,12947
368,16,116,2064.95,1,12948
369,30,215,4167.22,2,12949
370,2,23,1843.0,1,12950
371,8,63,1064.07,1,12951
372,5,79,1387.79,1,12952
373,9,17,329.85,0,12953
374,9,238,4017.54,2,12957
375,7,16,266.39,0,12962
376,8,95,1856.63,1,12963
377,89,109,771.91,1,12965
378,9,10,160.18,0,12966
379,112,5,135.95,0,12968
380,7,151,452.24,1,12970
381,197,8,144.8,3,12974
382,211,22,738.6,3,12976
383,29,20,372.22,0,12981
384,242,28,390.54,3,12982
385,73,28,558.7,0,12987
386,292,92,535.32,3,12988
387,31,13,409.5,0,12990
388,23,31,503.76,0,12991
389,23,27,414.76,0,12993
390,4,61,974.42,1,12994
391,22,59,1226.89,1,12997
392,196,28,455.88,3,12999
393,106,31,534.85,0,13000
394,105,6,149.05,0,13003
395,173,26,513.7,3,13005
396,9,89,1661.84,1,13012
397,10,110,3466.28,2,13014
398,53,176,3346.28,2,13015
399,73,47,789.89,0,13016
400,4,131,2616.38,2,13021
401,64,40,689.9,0,13023
402,22,45,661.3199999999999,0,13028
403,30,10,1247.5,0,13029
404,11,99,799.48,1,13030
405,52,71,1010.18,1,13032
406,54,37,642.77,0,13034
407,73,27,921.88,0,13035
408,138,48,881.07,3,13037
409,80,28,908.46,0,13038
410,8,43,676.99,0,13040
411,273,13,516.42,3,13043
412,291,33,560.47,3,13044
413,99,18,305.28000000000003,0,13045
414,30,35,629.31,0,13046
415,31,172,3237.54,2,13047
416,14,136,1835.91,1,13048
417,64,14,656.6800000000001,0,13049
418,212,18,348.15000000000003,3,13052
419,78,76,1214.41,1,13055
420,24,8,271.40000000000003,0,13058
421,249,8,183.4,3,13059
422,253,15,307.53,3,13060
423,72,10,248.61,0,13061
424,191,11,346.98,3,13062
425,12,69,1119.49,1,13064
426,24,48,470.8,0,13066
427,82,15,115.46,0,13067
428,192,9,228.8,3,13070
429,266,7,177.15,3,13072
430,129,22,919.61,3,13075
431,4,6,220.1,0,13079
432,126,73,3613.63,2,13082
433,4,18,303.75,0,13083
434,157,22,416.08,3,13085
435,28,21,345.82,0,13091
436,70,25,477.83,0,13092
437,21,24,1927.32,1,13094
438,39,8,243.94,0,13103
439,3,20,1098.48,0,13104
440,44,58,1531.62,1,13107
441,59,47,786.54,0,13109
442,31,145,1488.67,1,13110
443,11,120,2294.78,1,13115
444,138,30,501.14,3,13116
445,21,76,984.91,1,13117
446,19,79,1197.81,1,13118
447,269,50,283.73,3,13121
448,94,55,922.39,0,13122
449,89,235,3866.33,2,13124
450,4,140,2099.64,1,13126
451,77,15,259.17,0,13127
452,23,44,1073.3,0,13131
453,85,98,1793.58,1,13134
454,56,127,2607.61,1,13136
455,22,63,962.39,1,13138
456,16,170,5064.94,2,13139
457,108,46,423.72,0,13140
458,84,135,2388.75,1,13141
459,19,23,307.09,0,13142
460,39,6,618.52,0,13145
461,26,17,228.91,0,13146
462,10,4,712.8000000000001,0,13147
463,14,86,1676.06,1,13149
464,295,74,1257.87,3,13151
465,5,15,486.22,0,13153
466,33,85,971.76,1,13155
467,49,87,1741.22,1,13157
468,94,79,1201.06,1,13158
469,8,121,1437.85,1,13159
470,122,79,1688.29,1,13162
471,46,42,1021.48,0,13165
472,283,41,417.2,3,13166
473,18,65,791.33,0,13167
474,36,131,1319.19,1,13168
475,63,13,712.88,0,13169
476,26,32,116.01,0,13170
477,21,46,468.41,0,13171
478,4,43,353.65,0,13173
479,16,314,2817.03,2,13174
480,46,72,492.84,0,13176
481,64,17,282.45,0,13177
482,26,265,5725.47,2,13178
483,45,11,121.18,0,13182
484,7,94,3957.78,2,13183
485,14,181,1701.29,2,13184
486,39,79,1575.89,1,13186
487,18,29,260.68,0,13189
488,95,63,911.94,1,13192
489,61,29,117.88,0,13193
490,11,110,1797.78,1,13196
491,10,226,3401.24,2,13198
492,19,46,870.09,0,13200
493,9,57,869.46,0,13203
494,15,8,250.26,0,13207
495,58,149,1223.9,1,13208
496,93,22,353.48,0,13210
497,10,56,1197.42,1,13211
498,19,142,788.08,1,13212
499,56,90,1520.58,1,13213
500,267,5,333.74,3,13216
501,122,4,533.98,0,13217
502,78,21,819.2900000000001,0,13220
503,240,66,847.41,3,13221
504,200,5,163.20000000000002,3,13223
505,60,108,2155.95,1,13224
506,201,9,257.7,3,13227
507,225,10,160.95,3,13229
508,12,207,1357.6,2,13232
509,74,43,605.12,0,13233
510,212,58,1031.07,3,13235
511,24,36,744.85,0,13236
512,17,31,700.73,0,13238
513,261,22,329.56,3,13239
514,96,67,663.65,1,13240
515,112,13,270.40000000000003,0,13242
516,203,58,600.07,3,13243
517,92,27,121.74,0,13244
518,50,16,430.5,0,13245
519,18,141,1987.3,1,13246
520,17,25,501.12,0,13247
521,124,26,465.68,0,13248
522,92,23,711.41,0,13249
523,156,36,1030.4,3,13253
524,9,13,399.51,0,13255
525,11,38,698.58,0,13258
526,61,87,292.32,1,13259
527,61,8,557.62,0,13260
528,268,9,944.1,3,13261
529,263,11,200.29,3,13262
530,53,91,2107.66,1,13265
531,11,187,3834.26,2,13266
532,2,211,4521.49,2,13267
533,37,96,217.38,1,13271
534,31,15,276.56,0,13272
535,113,16,138.98,0,13273
536,63,30,590.9300000000001,0,13276
537,15,8,258.4,0,13277
538,40,46,542.73,0,13278
539,78,9,137.75,0,13279
540,122,85,814.86,1,13280
541,18,37,1132.14,0,13282
542,23,187,2709.12,2,13285
543,155,42,361.11,3,13291
544,38,31,578.9399999999999,0,13292
545,189,54,873.74,3,13294
546,7,59,2089.85,1,13297
547,268,5,142.5,3,13299
548,169,20,371.89,3,13300
549,103,81,618.09,1,13301
550,4,81,2000.86,1,13305
551,22,54,1385.51,1,13308
552,7,107,1456.79,1,13309
553,28,72,1132.03,1,13310
554,4,26,598.57,0,13311
555,22,78,1555.32,1,13313
556,66,124,2273.68,1,13317
557,78,106,1548.7,1,13320
558,72,11,567.36,0,13321
559,17,25,199.48,0,13322
560,3,21,787.85,0,13323
561,81,12,675.3,0,13325
562,38,108,3627.77,2,13327
563,31,17,789.0,0,13329
564,92,53,1140.93,1,13330
565,14,21,350.9,0,13332
566,82,268,3536.82,2,13334
567,77,51,795.12,0,13336
568,157,19,487.02,3,13338
569,200,54,860.12,3,13339
570,260,42,775.85,3,13341
571,177,19,353.43,3,13343
572,67,119,2543.72,1,13344
573,287,20,389.5,3,13345
574,70,8,341.36,0,13347
575,64,14,233.76,0,13348
576,10,16,247.32,0,13349
577,16,40,979.12,0,13350
578,66,16,373.94,0,13351
579,60,24,397.98,0,13352
580,71,51,743.53,0,13354
581,122,32,674.7,0,13355
582,80,42,768.24,0,13356
583,257,90,609.95,3,13357
584,268,29,439.03,3,13358
585,63,23,439.56,0,13359
586,9,166,3090.74,2,13362
587,17,60,992.5,1,13363
588,71,10,134.95999999999998,0,13364
589,33,128,2225.37,1,13365
590,256,29,623.4,3,13368
591,89,23,378.64,0,13372
592,60,158,3312.25,2,13373
593,88,37,778.65,0,13375
594,99,53,1019.76,1,13376
595,26,97,572.56,1,13379
596,31,172,3639.31,2,13381
597,280,15,222.99,3,13382
598,30,152,4151.93,2,13384
599,131,35,677.1,3,13388
600,11,51,797.96,0,13389
601,74,13,544.08,0,13390
602,185,21,307.72,3,13395
603,29,43,1360.99,1,13396
604,72,38,1544.13,1,13397
605,192,26,457.34,3,13398
606,127,39,621.23,0,13402
607,74,27,572.451,0,13405
608,24,28,1003.06,0,13410
609,107,18,213.55,0,13411
610,133,24,1390.5,1,13414
611,43,19,712.5,0,13416
612,4,28,640.83,0,13417
613,63,16,221.06,0,13419
614,149,8,159.85,3,13420
615,40,104,1851.08,1,13421
616,64,127,2626.3,2,13422
617,108,78,1624.21,1,13425
618,19,29,582.6,0,13427
619,10,74,218.47,0,13428
620,10,67,1006.8,1,13429
621,18,49,679.45,0,13430
622,67,46,1269.1,1,13431
623,74,10,534.24,0,13434
624,5,101,3809.89,2,13435
625,14,167,3408.06,2,13437
626,255,54,283.71,3,13439
627,91,13,296.64,0,13441
628,23,59,1129.14,1,13447
629,16,195,3539.37,2,13448
630,23,19,291.88,0,13449
631,26,71,2043.72,1,13450
632,165,17,356.98,3,13453
633,24,46,1058.34,0,13455
634,17,63,1766.72,1,13456
635,29,17,183.44,0,13460
636,38,27,1445.0,1,13461
637,252,9,151.5,3,13462
638,58,41,674.68,0,13464
639,184,17,307.9,3,13466
640,10,99,1083.71,1,13467
641,99,10,165.0,0,13470
642,60,21,422.64,0,13473
643,236,64,229.59,3,13474
644,191,86,1431.78,3,13475
645,178,58,1238.47,3,13476
646,37,79,1454.58,1,13477
647,200,15,300.95,3,13479
648,45,109,1804.56,1,13481
649,232,11,184.64,3,13482
650,65,10,140.34,0,13483
651,241,8,313.8,3,13484
652,233,23,454.24,3,13485
653,78,69,1122.41,1,13486
654,57,34,575.4,0,13487
655,105,14,449.52,0,13489
656,51,86,1215.82,1,13491
657,136,50,1269.84,1,13492
658,275,8,618.63,3,13493
659,311,18,316.26000000000005,3,13494
660,7,48,2044.87,1,13495
661,10,35,653.33,0,13496
662,282,19,348.05,3,13497
663,17,42,1159.11,0,13499
664,23,65,1166.77,1,13500
665,288,52,1340.32,3,13501
666,16,18,292.0,0,13502
667,71,17,216.85,0,13503
668,64,22,295.93,0,13504
669,72,215,4393.63,2,13505
670,3,162,2479.16,2,13507
671,8,44,979.72,0,13509
672,260,15,251.21,3,13512
673,126,10,205.1,3,13513
674,73,4,152.20000000000002,0,13514
675,72,59,891.12,0,13515
676,21,44,1389.41,1,13516
677,59,141,2128.42,1,13517
678,85,38,659.4399999999999,0,13518
679,78,8,122.75,0,13519
680,58,93,3624.35,2,13520
681,30,5,125.8,0,13522
682,33,172,3964.88,2,13523
683,40,27,680.1800000000001,0,13524
684,14,6,628.78,0,13525
685,33,223,2287.51,2,13527
686,78,15,307.76,0,13529
687,205,22,483.8,3,13531
688,33,66,210.31,0,13532
689,182,76,270.79,3,13533
690,2,296,5870.08,2,13534
691,43,25,1280.85,0,13538
692,85,37,631.34,0,13539
693,39,87,291.41,1,13544
694,12,98,626.99,1,13546
695,96,124,682.41,1,13548
696,25,51,918.2,0,13549
697,66,109,3740.07,2,13552
698,73,136,4149.28,2,13555
699,28,34,584.06,0,13557
700,5,175,605.06,1,13558
701,7,33,174.37,0,13560
702,215,14,141.86,3,13561
703,81,82,1799.33,1,13562
704,84,49,777.53,0,13563
705,144,83,1749.02,1,13564
706,19,38,240.22,0,13565
707,40,176,874.71,1,13566
708,173,44,192.85,3,13568
709,17,85,373.75,1,13569
710,243,27,239.49,3,13570
711,205,33,1384.25,3,13572
712,50,26,294.4,0,13573
713,23,46,732.0699999999999,0,13575
714,25,83,1687.6,1,13577
715,14,23,467.04,0,13579
716,309,10,118.0,3,13581
717,155,53,781.03,3,13583
718,306,24,142.4,3,13584
719,63,8,712.4,0,13587
720,15,174,2478.95,2,13588
721,14,21,379.65,0,13589
722,11,87,1981.92,1,13590
723,64,58,1117.13,1,13591
724,35,16,247.96,0,13592
725,108,128,2037.08,1,13593
726,52,26,396.97,0,13594
727,5,166,697.04,1,13596
728,47,40,180.17,0,13598
729,45,99,693.32,1,13601
730,64,23,428.89,0,13602
731,26,27,164.34,0,13603
732,29,43,280.54,0,13606
733,40,98,678.01,1,13607
734,12,226,1131.88,2,13610
735,89,74,1171.8,1,13611
736,24,201,1610.46,2,13614
737,40,44,544.18,0,13617
738,173,13,177.34,3,13618
739,116,19,213.85,0,13621
740,30,81,747.78,1,13623
741,252,19,257.23,3,13626
742,59,92,1638.47,1,13627
743,5,71,2031.78,1,13630
744,99,11,3070.42,2,13631
745,24,146,2121.27,1,13632
746,33,188,1575.16,2,13634
747,67,62,1071.03,1,13635
748,36,63,949.12,0,13636
749,52,101,810.5,1,13637
750,15,8,122.64,0,13638
751,74,40,1033.34,0,13639
752,215,66,354.8,3,13642
753,31,28,519.44,0,13643
754,16,146,2624.26,2,13644
755,120,5,252.1,0,13645
756,9,79,1678.12,1,13647
757,256,23,346.6,3,13649
758,16,96,1836.34,1,13650
759,45,63,1095.08,1,13652
760,43,166,2707.33,2,13654
761,114,56,932.97,1,13655
762,164,49,379.65,3,13656
763,10,16,382.14,0,13657
764,9,108,2639.17,1,13658
765,205,104,1573.2,2,13659
766,85,53,897.76,0,13662
767,179,13,189.47,3,13663
768,149,87,305.02,3,13667
769,50,9,218.55,0,13669
770,75,25,349.7,0,13670
771,301,6,186.39,3,13672
772,18,65,396.92,0,13673
773,151,25,486.8200000000001,3,13675
774,151,16,232.6,3,13678
775,17,57,827.83,0,13681
776,2,39,3119.44,2,13685
777,63,6,910.0,0,13689
778,59,9,172.25,0,13690
779,24,53,1488.32,1,13692
780,31,90,2504.13,1,13695
781,38,12,151.29999999999998,0,13697
782,155,14,308.58000000000004,3,13699
783,26,197,2265.12,2,13700
784,5,134,2308.06,1,13704
785,7,28,711.86,0,13705
786,302,20,330.79,3,13706
787,267,48,806.41,3,13707
788,271,51,296.88,3,13708
789,31,8,180.48,0,13710
790,218,13,252.06,3,13711
791,246,10,228.84,3,13712
792,281,105,1079.34,3,13715
793,269,21,138.28,3,13716
794,32,102,1445.01,1,13717
795,246,12,306.55,3,13718
796,15,60,1041.68,1,13719
797,116,43,799.9,0,13720
798,36,28,524.14,0,13721
799,131,85,2375.41,1,13722
800,217,6,199.85,3,13723
801,49,104,1980.56,1,13725
802,38,42,1079.66,0,13726
803,28,20,333.48,0,13727
804,36,63,1016.14,1,13728
805,135,43,752.6,3,13730
806,219,38,610.59,3,13731
807,28,33,491.86,0,13732
808,24,196,2885.24,2,13735
809,5,191,731.9,2,13736
810,200,30,339.6,3,13737
811,240,23,350.75,3,13740
812,71,34,668.4300000000001,0,13741
813,2,41,1341.6,1,13743
814,95,72,1156.36,1,13744
815,162,25,300.04,3,13745
816,95,28,948.25,0,13748
817,53,24,1647.26,1,13750
818,288,9,296.25,3,13751
819,124,76,1186.28,1,13752
820,287,35,741.26,3,13753
821,151,12,282.6,3,13754
822,2,142,5189.52,2,13756
823,11,117,3190.55,2,13758
824,33,25,659.4100000000001,0,13759
825,54,57,286.79,0,13760
826,50,70,1070.65,1,13761
827,218,7,306.72,3,13762
828,63,15,1714.96,1,13763
829,70,208,1521.76,2,13764
830,2,135,2796.51,2,13769
831,64,119,2634.45,1,13771
832,33,177,1132.13,1,13772
833,81,22,345.0,0,13774
834,103,9,178.7,0,13778
835,7,57,360.01,0,13780
836,250,17,127.84,3,13781
837,12,115,912.0,1,13782
838,9,31,2462.79,1,13784
839,75,31,309.04,0,13787
840,4,45,348.8,0,13790
841,127,11,1516.0,1,13791
842,66,13,195.55,0,13792
843,116,39,688.86,0,13799
844,309,33,558.32,3,13800
845,66,23,324.8,0,13801
846,138,60,4599.42,2,13802
847,255,17,277.07,3,13803
848,30,137,2635.79,2,13804
849,52,13,924.6,0,13805
850,63,10,256.38,0,13806
851,5,76,1747.66,1,13808
852,305,12,155.05,3,13809
853,28,35,1499.01,1,13810
854,183,13,814.5,3,13811
855,42,36,539.0,0,13812
856,39,69,1366.86,1,13813
857,92,57,1579.12,1,13814
858,22,176,4027.36,2,13815
859,23,28,571.6700000000001,0,13816
860,29,24,382.98,0,13817
861,301,36,1140.35,3,13819
862,144,59,385.64,3,13821
863,5,96,632.0,1,13822
864,18,40,957.66,0,13823
865,32,46,1698.94,1,13824
866,176,10,189.5,3,13826
867,57,93,412.05,1,13827
868,22,15,209.49,0,13828
869,16,74,2202.99,1,13831
870,159,29,384.8,3,13833
871,25,55,834.57,0,13835
872,211,19,271.24,3,13837
873,5,174,691.73,1,13838
874,58,206,3385.62,2,13842
875,11,20,361.62,0,13844
876,64,9,312.98,0,13845
877,24,55,865.0600000000001,0,13846
878,92,5,1255.0,0,13848
879,51,101,1537.95,1,13849
880,129,93,1595.48,1,13850
881,95,81,2651.46,1,13851
882,57,23,1090.14,0,13853
883,168,14,388.5,3,13856
884,57,11,216.17,0,13858
885,18,139,2209.36,1,13862
886,247,20,305.78,3,13863
887,58,30,501.56,0,13865
888,74,7,145.67000000000002,0,13866
889,31,61,1015.29,0,13867
890,7,33,3192.54,2,13868
891,123,307,3104.95,2,13869
892,2,115,2770.94,2,13870
893,119,23,389.6,0,13873
894,53,104,1786.79,1,13875
895,63,7,122.7,0,13876
896,54,36,1281.53,0,13878
897,21,165,3219.77,2,13880
898,2,65,1191.13,1,13882
899,10,142,2674.48,2,13883
900,7,59,787.6,0,13884
901,189,28,506.8,3,13885
902,71,16,243.56,0,13886
903,204,19,349.55,3,13887
904,119,40,605.63,0,13888
905,92,15,416.9,0,13889
906,26,27,632.97,0,13892
907,297,21,821.1,3,13893
908,23,27,564.62,0,13894
909,28,118,2593.07,1,13895
910,50,17,311.16,0,13897
911,16,19,388.52,0,13899
912,183,43,740.95,3,13900
913,72,149,2867.2,2,13901
914,37,26,332.64,0,13904
915,79,122,2369.55,1,13908
916,57,148,2580.91,2,13911
917,11,33,626.45,0,13914
918,49,18,272.04,0,13917
919,49,30,1212.84,0,13918
920,59,28,384.81,0,13919
921,53,20,351.13,0,13923
922,92,41,678.25,0,13925
923,23,11,223.85,0,13926
924,74,21,348.99,0,13927
925,10,27,464.57,0,13928
926,169,9,842.65,3,13929
927,57,17,337.34,0,13930
928,95,58,1237.53,1,13931
929,294,16,307.4,3,13932
930,109,23,608.7900000000001,0,13933
931,263,31,922.1,3,13934
932,179,26,376.58,3,13936
933,169,9,158.85,3,13937
934,23,45,568.55,0,13939
935,17,49,839.14,0,13940
936,21,45,5112.96,2,13941
937,79,11,561.5699999999999,0,13946
938,2,160,2427.32,2,13949
939,11,35,745.06,0,13950
940,176,39,674.45,3,13951
941,217,137,3251.071,2,13952
942,7,20,3515.68,2,13953
943,154,33,322.96,3,13955
944,5,152,1026.42,1,13956
945,79,92,598.2,1,13959
946,21,12,230.22,0,13960
947,21,11,169.55,0,13962
948,308,35,664.54,3,13963
949,18,149,2758.26,2,13971
950,70,15,190.25,0,13972
951,287,11,264.7,3,13973
952,49,28,413.59,0,13974
953,206,10,357.98,3,13976
954,14,15,196.79,0,13978
955,73,54,869.87,0,13979
956,60,11,200.14,0,13980
957,39,111,1871.81,1,13982
958,29,107,2603.43,1,13983
959,26,16,920.51,0,13984
960,17,13,320.46,0,13986
961,19,234,4147.96,2,13988
962,65,41,1266.08,0,13989
963,213,16,311.3,3,13990
964,12,84,855.97,1,13991
965,42,121,3466.36,2,13993
966,3,155,2313.14,2,13994
967,15,86,1393.69,1,13995
968,10,208,3901.81,2,13999
969,211,15,635.66,3,14000
970,45,39,2043.08,1,14001
971,134,47,529.73,3,14002
972,43,171,4582.64,2,14004
973,9,84,2874.72,1,14005
974,115,30,962.19,0,14006
975,198,42,695.61,3,14009
976,277,11,328.8,3,14012
977,110,34,473.02,0,14013
978,77,39,505.18,0,14014
979,52,20,917.34,0,14015
980,161,161,4341.21,2,14016
981,46,66,1421.61,1,14019
982,16,39,642.8,0,14020
983,155,22,631.9,3,14021
984,225,28,440.0,3,14022
985,7,31,584.07,0,14023
986,121,16,327.7,0,14024
987,63,15,467.66,0,14029
988,18,243,2360.09,2,14030
989,2,143,2975.59,2,14032
990,22,89,651.8199999999999,1,14034
991,28,66,1428.02,1,14035
992,284,38,626.65,3,14036
993,176,28,147.20000000000002,3,14037
994,78,92,1560.38,1,14038
995,33,6,152.2,0,14039
996,40,235,3614.92,2,14040
997,266,21,141.41,3,14041
998,26,209,652.82,2,14044
999,109,6,1659.75,1,14045
1000,284,14,154.99,3,14046
1001,8,32,1308.61,1,14047
1002,305,85,409.93,3,14048
1003,31,54,746.36,0,14050
1004,19,56,225.36,0,14052
1005,124,4,260.25,3,14053
1006,106,10,725.6400000000001,0,14055
1007,266,8,183.6,3,14059
1008,29,80,1353.74,1,14064
1009,266,7,152.55,3,14066
1010,63,52,374.7,0,14067
1011,32,13,151.04,0,14073
1012,4,43,942.26,0,14075
1013,129,46,122.47,3,14076
1014,40,42,499.42,0,14077
1015,101,65,1049.37,1,14078
1016,124,12,375.1,0,14079
1017,302,153,934.52,2,14081
1018,4,181,1018.43,1,14083
1019,2,69,194.42,0,14087
1020,56,14,161.0,0,14089
1021,7,214,4076.91,2,14092
1022,12,105,442.85,1,14093
1023,36,21,147.35,0,14098
1024,16,250,3104.17,2,14099
1025,137,26,194.9,3,14100
1026,5,79,1360.28,1,14102
1027,154,21,216.21,3,14104
1028,239,74,1266.23,3,14105
1029,51,123,2703.23,2,14107
1030,30,34,597.91,0,14108
1031,72,9,144.2,0,14109
1032,3,156,5683.15,2,14110
1033,14,10,692.85,0,14111
1034,22,160,2915.15,2,14112
1035,3,34,1840.42,1,14113
1036,273,15,386.53,3,14114
1037,19,72,1382.74,1,14116
1038,3,159,2780.15,2,14121
1039,84,5,419.58,0,14124
1040,10,167,2740.43,2,14125
1041,7,15,706.1300000000001,0,14126
1042,122,44,709.71,0,14127
1043,60,46,637.5,0,14128
1044,2,200,3586.03,2,14132
1045,129,28,605.64,3,14133
1046,46,26,415.82,0,14139
1047,3,66,935.05,1,14140
1048,2,40,915.13,0,14141
1049,133,7,115.8,3,14143
1050,46,11,3742.2,2,14145
1051,8,210,4191.0,2,14146
1052,78,5,483.4,0,14147
1053,220,28,446.62,3,14149
1054,35,26,658.64,0,14150
1055,75,49,621.29,0,14152
1056,239,52,1345.62,3,14154
1057,266,6,118.75,3,14155
1058,19,48,432.88,0,14157
1059,40,41,507.66,0,14158
1060,215,108,1110.52,3,14161
1061,173,25,289.36,3,14162
1062,87,52,2445.91,1,14163
1063,70,29,1631.77,1,14164
1064,275,25,122.54,3,14165
1065,39,52,574.84,0,14167
1066,98,58,363.79,0,14171
1067,10,29,450.84,0,14173
1068,33,26,134.46,0,14174
1069,59,149,3222.3,2,14175
1070,297,31,576.9000000000001,3,14176
1071,86,42,559.41,0,14177
1072,40,165,719.78,1,14179
1073,10,240,4748.52,2,14180
1074,66,24,452.89,0,14184
1075,30,65,2054.36,1,14188
1076,2,265,4654.08,2,14189
1077,67,42,853.39,0,14193
1078,201,7,1012.0,3,14195
1079,106,6,335.52,0,14196
1080,18,39,701.4,0,14198
1081,60,37,747.44,0,14201
1082,2,44,161.03,0,14204
1083,16,24,466.7,0,14205
1084,239,20,328.16,3,14206
1085,94,10,151.74,0,14208
1086,10,87,2073.43,1,14209
1087,105,102,1905.84,1,14210
1088,53,112,2241.1,1,14211
1089,89,9,1070.48,0,14212
1090,30,67,1004.38,1,14214
1091,11,108,1789.72,1,14215
1092,3,59,1839.3,1,14216
1093,42,12,169.48000000000002,0,14218
1094,247,21,632.4,3,14220
1095,42,193,3432.8,2,14221
1096,177,41,683.17,3,14222
1097,92,60,991.13,1,14223
1098,110,118,1050.12,1,14224
1099,28,67,2232.19,1,14226
1100,26,175,3350.96,2,14227
1101,51,40,1547.2,1,14229
1102,183,50,925.71,3,14231
1103,42,115,2048.07,1,14232
1104,49,35,1462.72,1,14233
1105,22,159,775.46,1,14234
1106,75,79,3144.86,2,14235
1107,80,15,490.86,0,14236
1108,43,112,2380.85,1,14239
1109,30,42,890.34,0,14240
1110,183,10,213.7,3,14241
1111,234,16,280.55,3,14242
1112,8,141,2588.77,2,14243
1113,219,108,1693.45,2,14245
1114,110,75,1474.06,1,14246
1115,278,20,136.76999999999998,3,14247
1116,7,111,1904.05,1,14250
1117,260,53,969.06,3,14256
1118,64,106,3099.7200000000003,2,14257
1119,141,5,120.0,3,14259
1120,50,52,1163.45,0,14261
1121,8,143,2618.23,2,14262
1122,154,17,333.97,3,14264
1123,109,31,530.18,0,14265
1124,162,55,1516.24,3,14267
1125,225,10,112.32,3,14271
1126,73,33,437.96,0,14272
1127,51,29,559.97,0,14273
1128,98,64,1119.74,1,14276
1129,15,225,4216.2,2,14277
1130,196,8,134.04,3,14280
1131,3,156,3729.34,2,14282
1132,30,32,595.25,0,14284
1133,21,27,1910.01,1,14285
1134,23,280,4628.75,2,14286
1135,8,9,176.63,0,14287
1136,213,16,426.6,3,14288
1137,8,47,911.26,0,14289
1138,11,101,2314.65,1,14290
1139,7,100,4871.93,2,14292
1140,3,61,1046.56,1,14293
1141,40,5,166.20000000000002,0,14295
1142,17,62,1305.33,1,14297
1143,8,143,3965.62,2,14299
1144,117,13,640.14,0,14301
1145,222,17,383.45,3,14304
1146,71,105,1858.96,1,14305
1147,51,33,2093.32,1,14306
1148,88,180,2995.72,2,14307
1149,8,117,2352.53,1,14309
1150,242,20,310.26,3,14311
1151,46,87,1611.59,1,14312
1152,106,8,120.0,0,14314
1153,44,101,2481.13,1,14315
1154,64,24,508.58,0,14317
1155,206,31,477.79,3,14320
1156,10,123,1530.75,1,14321
1157,114,36,605.0600000000001,0,14323
1158,242,8,183.85,3,14326
1159,163,12,311.65,3,14327
1160,17,259,5014.84,2,14329
1161,124,28,462.66,0,14331
1162,22,26,866.31,0,14332
1163,67,15,415.2,0,14333
1164,16,162,2552.21,2,14334
1165,16,63,468.26,0,14335
1166,16,90,1614.91,1,14336
1167,161,31,588.22,3,14338
1168,242,14,309.52,3,14339
1169,218,6,134.7,3,14340
1170,45,129,2182.28,1,14341
1171,21,21,668.5600000000001,0,14342
1172,127,71,889.9300000000001,1,14344
1173,120,60,1021.58,1,14346
1174,260,18,409.57,3,14348
1175,10,31,133.5,0,14349
1176,274,18,282.93,3,14350
1177,157,47,1078.96,3,14352
1178,5,9,163.62,0,14354
1179,79,33,701.23,0,14356
1180,43,41,225.77,0,14357
1181,19,55,912.18,0,14359
1182,31,118,2128.23,1,14360
1183,22,41,161.2,0,14362
1184,108,69,3717.35,2,14364
1185,185,75,257.68,3,14375
1186,191,11,617.05,3,14377
1187,44,46,348.1,0,14379
1188,52,56,202.68,0,14381
1189,26,131,626.0699999999999,1,14382
1190,38,59,1247.69,1,14383
1191,9,14,202.11,0,14385
1192,296,7,142.4,3,14386
1193,32,140,1770.56,1,14387
1194,10,186,3212.84,2,14388
1195,65,45,1043.46,0,14389
1196,10,286,4652.82,2,14390
1197,65,73,487.99,0,14396
1198,2,87,2612.96,1,14397
1199,149,25,574.7,3,14400
1200,4,182,4051.48,2,14401
1201,130,20,1475.81,1,14403
1202,33,103,1474.32,1,14404
1203,119,8,156.75,0,14406
1204,107,73,2157.73,1,14407
1205,10,107,2606.53,1,14408
1206,71,54,2059.4500000000003,1,14409
1207,92,194,1105.07,2,14410
1208,310,14,1063.0,3,14411
1209,42,43,770.03,0,14412
1210,91,97,1496.98,1,14414
1211,22,14,490.22,0,14416
1212,3,124,1937.25,1,14418
1213,10,206,1058.06,2,14419
1214,99,29,387.52,0,14420
1215,57,27,813.11,0,14421
1216,23,224,4481.67,2,14426
1217,50,17,363.34,0,14427
1218,7,144,1244.83,1,14428
1219,302,17,470.36,3,14431
1220,21,12,1372.8,0,14434
1221,306,9,131.9,3,14438
1222,8,55,2357.6800000000003,1,14440
1223,204,63,1589.82,3,14442
1224,53,93,1420.2,1,14443
1225,18,70,1163.23,1,14447
1226,9,20,375.35,0,14448
1227,18,258,907.1,2,14449
1228,180,40,483.25,3,14450
1229,60,109,662.59,1,14451
1230,10,62,264.44,0,14452
1231,190,22,119.93,3,14453
1232,310,4,113.64,3,14457
1233,155,37,1837.92,1,14459
1234,110,16,434.34,0,14460
1235,148,180,2103.06,2,14461
1236,66,240,2004.02,2,14462
1237,98,6,529.62,0,14463
1238,246,130,1058.62,2,14465
1239,29,72,2272.4,1,14466
1240,17,90,598.76,1,14467
1241,11,43,461.19,0,14470
1242,103,281,1936.84,2,14472
1243,74,7,234.34000000000003,0,14473
1244,46,29,547.66,0,14474
1245,71,42,925.85,0,14475
1246,257,19,215.7,3,14476
1247,19,10,1309.6,0,14477
1248,253,18,316.25,3,14479
1249,11,13,279.05,0,14480
1250,164,30,636.51,3,14481
1251,18,144,2068.15,1,14482
1252,281,9,137.1,3,14483
1253,50,14,321.92,0,14484
1254,38,47,165.75,0,14485
1255,26,144,1196.33,1,14487
1256,67,46,1064.28,0,14488
1257,207,30,463.38,3,14489
1258,175,17,340.93,3,14491
1259,7,120,2383.24,1,14493
1260,25,7,139.56,0,14494
1261,50,6,123.8,0,14495
1262,311,19,538.8100000000001,3,14496
1263,309,29,475.37,3,14497
1264,42,193,1957.32,2,14498
1265,26,194,815.32,2,14499
1266,88,7,356.85,0,14500
1267,183,10,251.21,3,14501
1268,3,164,3543.26,2,14503
1269,47,107,673.26,1,14504
1270,23,96,1383.18,1,14507
1271,22,57,276.42,0,14508
1272,11,68,1314.81,1,14511
1273,187,23,275.28,3,14512
1274,100,12,455.59,0,14513
1275,61,73,1055.35,1,14514
1276,17,101,2102.09,1,14515
1277,33,18,330.45,0,14517
1278,64,16,174.37,0,14518
1279,24,17,974.54,0,14522
1280,108,12,241.09,0,14523
1281,31,203,1867.68,2,14524
1282,19,291,4332.2,2,14525
1283,37,18,364.22,0,14528
1284,60,229,620.04,2,14529
1285,25,216,2925.91,2,14530
1286,236,64,932.85,3,14532
1287,24,62,1949.72,1,14533
1288,259,19,171.8,3,14536
1289,57,10,355.56,0,14537
1290,64,19,388.25,0,14538
1291,15,32,537.48,0,14539
1292,9,76,996.26,1,14540
1293,58,111,1461.65,1,14541
1294,28,72,3630.33,2,14543
1295,24,114,2024.45,1,14544
1296,150,4,652.8,3,14548
1297,311,56,289.24,3,14549
1298,10,48,765.62,0,14550
1299,18,10,186.23,0,14551
1300,151,58,165.07,3,14552
1301,19,113,859.27,1,14553
1302,10,216,2381.04,2,14554
1303,57,21,324.14,0,14555
1304,85,16,788.38,0,14557
1305,7,74,2237.77,1,14560
1306,75,69,1080.76,1,14561
1307,95,127,3099.12,2,14565
1308,110,4,1432.0,1,14566
1309,56,33,1530.36,1,14567
1310,280,29,218.06,3,14570
1311,3,270,2832.84,2,14572
1312,179,235,1653.42,2,14573
1313,12,123,859.71,1,14577
1314,3,24,168.63,0,14578
1315,16,17,138.6,0,14581
1316,40,6,114.11,0,14582
1317,169,100,1042.26,1,14584
1318,50,29,157.05,0,14585
1319,276,19,237.36,3,14586
1320,15,197,1447.14,2,14591
1321,35,164,570.46,1,14592
1322,21,152,617.99,1,14593
1323,7,53,379.83,0,14594
1324,19,102,1740.6,1,14595
1325,11,55,883.15,0,14597
1326,44,50,221.97,0,14598
1327,305,25,393.33,3,14600
1328,10,7,213.96,0,14601
1329,4,20,1785.15,1,14608
1330,72,4,601.56,0,14609
1331,9,16,553.44,0,14618
1332,245,20,394.44,3,14619
1333,205,26,412.78,3,14620
1334,184,21,320.58000000000004,3,14622
1335,32,134,889.25,1,14623
1336,57,13,225.85,0,14624
1337,196,53,899.63,3,14625
1338,23,122,2791.27,2,14626
1339,91,24,671.96,0,14628
1340,4,152,959.01,1,14629
1341,50,41,1006.98,0,14631
1342,262,8,114.56,3,14632
1343,266,20,344.90000000000003,3,14633
1344,36,28,609.85,0,14636
1345,50,16,443.6,0,14638
1346,52,172,2984.49,2,14639
1347,24,106,2125.08,1,14640
1348,170,31,693.8100000000001,3,14643
1349,67,26,830.76,0,14644
1350,156,30,597.09,3,14645
1351,201,30,243.22,3,14647
1352,4,199,1417.29,2,14649
1353,67,102,654.6,1,14651
1354,77,29,114.18,0,14652
1355,8,49,1932.23,1,14655
1356,169,80,291.05,3,14656
1357,17,126,848.22,1,14657
1358,5,29,247.15,0,14658
1359,8,253,2529.93,2,14659
1360,86,30,285.74,0,14660
1361,28,168,771.17,1,14662
1362,19,99,637.89,1,14664
1363,60,90,1835.7,1,14665
1364,24,14,195.25,0,14666
1365,241,170,1269.99,2,14669
1366,280,132,411.53,3,14670
1367,234,61,765.55,3,14672
1368,3,74,1736.4,1,14673
1369,16,102,604.75,1,14675
1370,31,42,2548.24,1,14676
1371,71,7,498.95,0,14681
1372,106,15,628.38,0,14687
1373,208,13,112.8,3,14689
1374,44,50,371.7,0,14690
1375,30,71,2114.33,1,14691
1376,137,68,591.55,1,14692
1377,264,8,172.9,3,14693
1378,4,130,2078.95,1,14696
1379,218,22,188.61,3,14697
1380,32,115,2235.3,1,14700
1381,14,22,318.17,0,14703
1382,2,28,1126.37,0,14708
1383,15,196,4921.04,2,14709
1384,14,139,606.13,1,14710
1385,29,25,917.07,0,14712
1386,24,10,160.19,0,14714
1387,24,71,867.38,1,14715
1388,43,55,329.68,0,14716
1389,5,37,663.81,0,14720
1390,147,29,187.92,3,14722
1391,10,278,1158.3,2,14723
1392,24,52,718.08,0,14725
1393,274,10,268.58,3,14727
1394,47,45,380.02,0,14731
1395,8,147,2702.49,2,14732
1396,3,17,1164.55,0,14737
1397,42,54,1314.45,1,14738
1398,4,60,3902.28,2,14739
1399,197,89,1448.21,3,14740
1400,11,59,1400.34,1,14741
1401,16,26,1099.98,0,14744
1402,112,69,1220.26,1,14745
1403,249,18,328.2,3,14747
1404,29,89,1415.75,1,14748
1405,43,5,389.64,0,14752
1406,87,30,563.15,0,14753
1407,44,41,638.05,0,14754
1408,9,235,5010.28,2,14755
1409,15,38,738.96,0,14756
1410,75,19,420.5,0,14757
1411,144,71,1484.06,1,14758
1412,4,102,1625.97,1,14759
1413,58,11,255.9,0,14761
1414,263,21,300.52,3,14762
1415,46,6,278.3,0,14764
1416,29,39,254.11,0,14765
1417,8,135,2473.37,2,14766
1418,17,5,192.6,0,14768
1419,232,52,876.42,3,14770
1420,112,9,139.26,0,14772
1421,58,60,1011.9,0,14775
1422,51,117,2538.3,1,14776
1423,127,35,730.86,3,14778
1424,280,41,386.15,3,14779
1425,54,27,447.68,0,14780
1426,26,15,289.99,0,14784
1427,7,30,679.4399999999999,0,14788
1428,28,6,197.64,0,14789
1429,16,46,745.06,0,14790
1430,21,14,228.99,0,14793
1431,2,80,1319.91,1,14794
1432,166,6,131.45000000000002,3,14795
1433,52,12,173.74,0,14798
1434,51,13,157.7,0,14799
1435,61,59,193.14,0,14801
1436,162,44,845.55,3,14803
1437,8,12,353.27,0,14804
1438,15,47,554.65,0,14805
1439,75,11,193.39,0,14806
1440,39,235,2741.17,2,14808
1441,40,255,2087.88,2,14810
1442,36,53,778.5,0,14815
1443,197,4,271.85,3,14816
1444,200,63,1110.34,3,14817
1445,73,48,657.8,0,14818
1446,64,13,272.07,0,14819
1447,21,29,507.29,0,14820
1448,180,70,321.43,3,14823
1449,10,29,1127.71,0,14824
1450,3,121,2226.91,1,14825
1451,196,17,2139.76,3,14828
1452,29,42,697.55,0,14829
1453,53,40,197.13,0,14830
1454,17,67,1720.3,1,14834
1455,89,108,1649.5,1,14837
1456,53,138,3295.76,2,14841
1457,43,145,2824.69,2,14842
1458,63,130,3189.81,2,14844
1459,148,13,309.4,3,14847
1460,311,21,325.75,3,14850
1461,23,28,511.35,0,14851
1462,58,143,2836.69,2,14852
1463,24,9,475.8,0,14853
1464,78,127,2759.83,2,14854
1465,119,20,645.65,0,14855
1466,36,66,1311.38,1,14856
1467,59,60,1173.12,1,14857
1468,12,58,1353.74,1,14859
1469,19,11,170.32,0,14860
1470,52,6,125.79,0,14861
1471,25,48,841.1999999999999,0,14862
1472,29,11,266.76,0,14863
1473,185,36,710.28,3,14867
1474,3,144,2953.59,2,14868
1475,8,71,725.7,1,14869
1476,261,13,327.25,3,14870
1477,3,98,522.38,1,14871
1478,210,28,519.68,3,14873
1479,107,47,1465.3200000000002,1,14875
1480,12,124,1485.54,1,14878
1481,77,47,706.19,0,14880
1482,19,17,255.4,0,14881
1483,26,11,589.7,0,14882
1484,18,53,761.59,0,14883
1485,131,15,765.3199999999999,3,14885
1486,252,18,364.8,3,14886
1487,79,6,1862.0,1,14887
1488,207,20,369.2,3,14888
1489,253,7,125.65,3,14890
1490,148,33,554.38,3,14891
1491,9,73,1237.85,1,14893
1492,85,23,655.75,0,14894
1493,204,43,468.77,3,14896
1494,7,55,1366.38,1,14897
1495,23,116,1303.52,1,14898
1496,11,96,1421.29,1,14901
1497,25,20,332.66,0,14902
1498,2,69,1025.44,1,14904
1499,157,17,616.15,3,14905
1500,3,165,3501.1,2,14907
1501,74,9,277.8,0,14908
1502,2,30,434.35,0,14910
1503,16,27,867.85,0,14912
1504,35,87,1227.43,1,14913
1505,91,12,307.48,0,14915
1506,70,77,1268.98,1,14916
1507,115,45,1610.15,1,14918
1508,212,57,977.77,3,14920
1509,30,78,1316.07,1,14921
1510,50,44,749.1,0,14923
1511,245,10,310.05,3,14924
1512,32,11,223.88,0,14929
1513,108,128,2372.86,1,14930
1514,4,41,1257.68,1,14931
1515,81,87,1890.94,1,14934
1516,297,10,1784.71,3,14935
1517,56,34,1621.88,1,14937
1518,72,14,290.82,0,14947
1519,23,63,1101.97,1,14948
1520,19,19,371.2,0,14950
1521,79,20,311.69,0,14951
1522,25,55,289.82,0,14953
1523,12,85,336.17,1,14954
1524,147,42,499.68,3,14958
1525,64,59,695.42,0,14959
1526,8,27,221.27,0,14960
1527,270,5,126.7,3,14962
1528,9,198,1487.8,2,14963
1529,247,13,206.21,3,14964
1530,96,83,599.0,1,14965
1531,14,38,191.32,0,14966
1532,49,6,463.8,0,14967
1533,30,37,147.59,0,14968
1534,68,34,1592.06,1,14970
1535,35,160,1116.57,1,14971
1536,128,18,114.77,3,14972
1537,107,32,1314.45,1,14973
1538,37,21,114.39,0,14974
1539,57,11,279.94,0,14975
1540,57,72,790.86,0,14976
1541,72,216,1931.42,2,14978
1542,19,41,213.27,0,14984
1543,198,87,296.75,3,14985
1544,15,4,326.4,0,14987
1545,211,40,334.54,3,14988
1546,38,61,233.23,0,14995
1547,46,26,546.1999999999999,0,14997
1548,170,75,429.87,3,14998
1549,47,77,490.52,0,15000
1550,115,115,1641.76,1,15002
1551,147,158,1246.32,2,15004
1552,51,144,502.09,1,15006
1553,159,12,156.91,3,15007
1554,12,182,1261.78,2,15009
1555,35,20,308.94,0,15010
1556,53,128,423.04,1,15012
1557,43,35,260.17,0,15014
1558,172,20,170.04,3,15016
1559,33,20,125.58,0,15017
1560,38,31,496.21,0,15018
1561,266,70,266.0,3,15019
1562,11,135,905.04,1,15022
1563,9,155,1661.33,1,15024
1564,33,72,377.01,0,15025
1565,80,61,469.0,0,15026
1566,30,35,1066.15,0,15027
1567,8,48,627.13,0,15028
1568,71,7,518.28,0,15030
1569,4,111,668.14,1,15031
1570,256,52,4959.1,2,15032
1571,89,27,252.73,0,15035
1572,72,127,465.55,1,15036
1573,58,130,705.49,1,15038
1574,170,67,180.35,3,15041
1575,199,5,135.93,3,15042
1576,151,12,735.66,3,15045
1577,9,206,5213.77,2,15046
1578,269,22,343.62,3,15047
1579,65,97,384.05,1,15048
1580,25,78,1782.09,1,15050
1581,23,143,1391.61,1,15051
1582,4,71,697.79,1,15053
1583,12,114,302.1,1,15054
1584,275,25,1489.5,3,15057
1585,25,276,2124.99,2,15058
1586,40,237,1337.72,2,15059
1587,8,121,303.09,1,15060
1588,71,57,987.86,0,15062
1589,213,5,370.8,3,15063
1590,37,155,3158.13,2,15065
1591,53,42,893.59,0,15066
1592,78,82,1744.76,1,15067
1593,46,104,553.36,1,15068
1594,179,70,1109.53,3,15069
1595,93,26,982.07,0,15071
1596,9,54,1043.41,1,15073
1597,105,42,748.87,0,15074
1598,77,27,773.03,0,15075
1599,172,49,880.85,3,15076
1600,212,47,895.61,3,15079
1601,22,33,504.8,0,15081
1602,281,15,306.94,3,15087
1603,21,57,1160.07,1,15088
1604,10,145,2420.84,2,15089
1605,308,23,381.32,3,15090
1606,67,30,480.71,0,15091
1607,215,26,457.81,3,15092
1608,18,108,4597.02,2,15093
1609,103,47,1370.6,1,15095
1610,42,11,219.39,0,15096
1611,4,25,248.08,0,15097
1612,84,23,410.48,0,15099
1613,8,8,317.53,0,15101
1614,31,35,703.36,0,15103
1615,196,69,1027.44,3,15104
1616,18,101,2298.93,1,15105
1617,17,100,1422.52,1,15106
1618,311,17,319.5,3,15107
1619,141,60,1300.25,1,15108
1620,245,28,484.95,3,15109
1621,23,35,996.1,0,15110
1622,29,84,1567.48,1,15111
1623,9,100,3609.33,2,15113
1624,30,197,2760.56,2,15114
1625,18,21,340.11,0,15115
1626,17,45,1352.75,1,15116
1627,14,79,1551.78,1,15117
1628,245,14,266.4,3,15119
1629,133,21,358.82,3,15120
1630,50,28,457.72,0,15121
1631,114,82,1633.78,1,15122
1632,7,106,2199.31,1,15123
1633,22,15,184.19,0,15124
1634,65,16,406.53,0,15127
1635,60,102,1471.0,1,15128
1636,50,84,3447.4,2,15129
1637,169,22,330.11,3,15130
1638,18,52,977.93,0,15132
1639,127,29,982.42,3,15133
1640,14,73,1387.99,1,15134
1641,239,9,139.05,3,15135
1642,2,68,1286.7,1,15136
1643,239,13,178.96,3,15139
1644,52,80,2354.25,1,15140
1645,46,26,498.74,0,15142
1646,225,14,259.45,3,15143
1647,4,67,1194.73,1,15145
1648,164,91,1327.16,1,15146
1649,240,28,623.5,3,15147
1650,10,20,301.29,0,15148
1651,133,23,520.8000000000001,3,15149
1652,9,271,4745.69,2,15152
1653,31,22,329.25,0,15153
1654,75,85,296.42,1,15154
1655,3,125,1936.07,1,15157
1656,45,7,401.4,0,15158
1657,18,29,304.47,0,15163
1658,68,103,843.05,1,15164
1659,8,110,1624.05,1,15172
1660,71,23,224.14,0,15175
1661,18,93,2206.95,1,15179
1662,66,16,689.4799999999999,0,15181
1663,154,29,622.85,3,15182
1664,29,63,406.76,0,15184
1665,70,21,310.62,0,15185
1666,14,19,411.41,0,15186
1667,119,51,1044.32,1,15192
1668,60,19,499.32,0,15193
1669,10,32,1079.61,0,15197
1670,92,10,193.64,0,15198
1671,59,13,1268.7,0,15199
1672,87,69,1236.54,1,15201
1673,25,142,1827.8,1,15203
1674,85,37,653.24,0,15205
1675,10,9,420.3,0,15206
1676,225,20,331.18,3,15210
1677,60,52,894.4100000000001,0,15211
1678,46,35,734.94,0,15215
1679,10,166,5756.89,2,15218
1680,176,9,305.75,3,15219
1681,51,117,1778.96,1,15220
1682,225,20,755.75,3,15223
1683,234,23,409.4,3,15225
1684,310,8,154.41,3,15226
1685,36,58,1219.4,1,15227
1686,66,125,3386.71,2,15228
1687,239,23,429.6,3,15230
1688,113,31,612.06,0,15232
1689,276,14,197.0,3,15234
1690,217,143,2247.51,2,15235
1691,298,15,321.05,3,15236
1692,29,50,1071.99,0,15238
1693,10,49,780.59,0,15239
1694,44,78,1706.57,1,15240
1695,66,110,1756.44,1,15241
1696,74,22,316.68,0,15243
1697,65,34,631.57,0,15244
1698,134,89,2515.84,1,15245
1699,238,33,514.15,3,15246
1700,122,6,356.0,0,15247
1701,36,44,740.78,0,15252
1702,16,53,918.2,0,15253
1703,127,18,300.36,3,15254
1704,66,47,890.85,0,15255
1705,283,7,317.15,3,15257
1706,168,34,623.16,3,15258
1707,100,77,1810.77,1,15260
1708,135,19,254.82,3,15261
1709,106,12,156.51,0,15263
1710,64,23,393.74,0,15264
1711,151,82,1506.12,1,15265
1712,22,11,1717.36,1,15267
1713,15,41,2379.49,1,15270
1714,7,274,2507.07,2,15271
1715,57,63,721.94,0,15272
1716,4,47,716.57,0,15274
1717,37,41,615.14,0,15275
1718,66,52,135.31,0,15276
1719,46,12,255.9,0,15277
1720,172,16,113.12,3,15280
1721,58,139,2332.15,1,15281
1722,43,88,2306.52,1,15288
1723,29,58,939.78,0,15289
1724,25,103,4668.3,2,15291
1725,201,25,180.94,3,15292
1726,50,194,3672.86,2,15296
1727,10,39,641.94,0,15297
1728,2,192,4799.9,2,15298
1729,67,7,4507.01,2,15299
1730,64,28,496.44,0,15300
1731,50,243,5070.35,2,15301
1732,290,31,574.02,3,15303
1733,60,23,694.4000000000001,0,15304
1734,64,58,1174.35,1,15306
1735,95,12,205.3,0,15307
1736,274,19,310.47,3,15308
1737,75,47,924.85,0,15312
1738,199,24,327.97,3,15314
1739,64,37,570.5,0,15315
1740,3,33,312.62,0,15318
1741,283,16,204.5,3,15319
1742,44,36,267.13,0,15320
1743,70,95,2748.31,1,15321
1744,85,42,679.68,0,15322
1745,103,49,162.29,0,15325
1746,52,10,208.75,0,15327
1747,39,57,1049.7,0,15329
1748,32,13,714.96,0,15330
1749,208,16,1028.56,3,15333
1750,156,99,351.67,3,15334
1751,53,36,173.97,0,15335
1752,66,86,574.07,1,15339
1753,80,17,2020.52,1,15341
1754,129,24,406.09,3,15342
1755,87,21,364.5,0,15343
1756,45,20,393.54,0,15345
1757,72,9,158.04,0,15348
1758,158,72,473.81,3,15349
1759,12,225,1960.11,2,15351
1760,254,63,777.02,3,15353
1761,29,14,277.05,0,15355
1762,39,13,427.93,0,15360
1763,95,29,913.19,0,15364
1764,25,114,2314.32,1,15365
1765,75,44,602.51,0,15366
1766,57,95,1877.59,1,15367
1767,21,4,446.94000000000005,0,15368
1768,40,94,2386.05,1,15370
1769,137,27,2007.4,1,15372
1770,8,132,2415.91,1,15373
1771,40,117,1233.36,1,15376
1772,169,194,3703.29,2,15379
1773,8,36,1690.2600000000002,1,15380
1774,213,8,596.85,3,15381
1775,169,41,642.41,3,15384
1776,40,12,316.88,0,15385
1777,186,31,394.14,3,15386
1778,270,10,140.54,3,15388
1779,4,84,1535.53,1,15392
1780,16,12,231.86,0,15393
1781,9,85,2183.54,1,15394
1782,112,14,288.18,0,15396
1783,16,73,1345.53,1,15398
1784,92,12,716.2,0,15400
1785,148,42,626.77,3,15402
1786,189,8,349.1,3,15405
1787,31,53,510.71,0,15406
1788,33,153,1056.44,1,15407
1789,264,34,267.18,3,15408
1790,84,122,3450.84,2,15410
1791,26,99,1358.88,1,15411
1792,171,10,190.53,3,15412
1793,9,39,774.9000000000001,0,15414
1794,64,192,3984.32,2,15416
1795,85,28,508.8,0,15417
1796,24,8,135.86,0,15419
1797,58,53,950.36,0,15421
1798,254,17,383.34,3,15424
1799,19,292,1447.39,2,15426
1800,33,306,1483.14,2,15427
1801,26,82,397.35,1,15429
1802,23,10,171.19,0,15432
1803,213,41,533.3,3,15433
1804,8,55,1041.48,1,15434
1805,22,29,149.29,0,15435
1806,262,45,200.16,3,15437
1807,131,25,156.57999999999998,3,15438
1808,54,62,383.68,0,15440
1809,9,219,1418.26,2,15444
1810,264,5,113.5,3,15445
1811,26,60,974.52,0,15449
1812,30,30,429.84,0,15450
1813,29,58,538.73,0,15452
1814,283,60,447.22,3,15456
1815,262,58,237.07,3,15457
1816,25,7,161.64,0,15458
1817,94,11,234.6,0,15462
1818,29,7,126.14,0,15463
1819,85,57,334.53,0,15466
1820,9,52,524.88,0,15467
1821,51,24,467.51,0,15468
1822,50,24,538.55,0,15469
1823,2,77,469.48,1,15471
1824,113,76,371.56,1,15472
1825,14,11,1771.2,1,15473
1826,77,29,454.11,0,15475
1827,40,46,1441.42,1,15478
1828,116,45,905.5,1,15480
1829,161,88,233.81,3,15483
1830,30,86,2575.0,1,15485
1831,22,50,1134.28,0,15489
1832,95,154,3100.09,2,15491
1833,28,35,659.4599999999999,0,15492
1834,32,297,2001.8,2,15493
1835,21,125,1299.23,1,15494
1836,17,15,1262.2,0,15497
1837,8,68,1131.56,1,15500
1838,52,97,3610.96,2,15505
1839,22,164,979.26,1,15506
1840,171,46,492.36,3,15507
1841,189,92,1000.27,3,15508
1842,11,160,909.23,1,15511
1843,155,7,121.0,3,15512
1844,12,178,4139.46,2,15514
1845,233,27,267.03,3,15517
1846,64,214,1942.45,2,15518
1847,40,185,3000.2,2,15521
1848,32,57,398.84,0,15522
1849,84,10,412.0100000000001,0,15523
1850,2,178,825.92,1,15525
1851,33,4,148.44,0,15526
1852,18,163,2429.78,2,15527
1853,254,26,229.33,3,15528
1854,21,108,1502.35,1,15530
1855,8,228,2007.44,2,15531
1856,25,256,1580.93,2,15532
1857,19,83,807.57,1,15533
1858,173,75,536.4,3,15535
1859,7,41,538.46,0,15539
1860,11,15,213.3,0,15540
1861,288,28,127.86,3,15543
1862,9,259,3546.71,2,15544
1863,54,81,292.72,0,15545
1864,77,115,1693.26,1,15549
1865,4,61,575.63,0,15550
1866,36,29,436.06,0,15551
1867,60,56,437.23,0,15553
1868,277,14,217.2,3,15554
1869,24,31,279.77,0,15556
1870,28,20,473.65,0,15557
1871,11,27,800.59,0,15561
1872,22,113,1400.44,1,15563
1873,50,8,173.16,0,15565
1874,18,7,186.01,0,15567
1875,2,53,758.29,0,15568
1876,103,31,1375.71,1,15569
1877,11,57,650.4300000000001,0,15571
1878,4,215,2552.86,2,15572
1879,31,104,607.45,1,15573
1880,177,168,702.25,2,15574
1881,37,45,940.67,0,15576
1882,151,39,258.88,3,15577
1883,162,13,127.1,3,15578
1884,68,51,348.6,0,15579
1885,120,150,3679.97,2,15581
1886,24,44,682.9100000000001,0,15582
1887,23,123,725.11,1,15584
1888,176,31,455.3,3,15585
1889,50,9,913.68,0,15587
1890,255,29,478.53,3,15589
1891,46,24,388.58,0,15592
1892,70,5,199.8,0,15593
1893,15,103,1771.78,1,15594
1894,100,77,1406.59,1,15596
1895,35,22,324.57,0,15597
1896,53,14,240.68,0,15598
1897,26,52,761.74,0,15599
1898,8,47,1297.87,1,15602
1899,52,17,216.39,0,15604
1900,36,67,1198.23,1,15605
1901,61,77,2920.16,1,15606
1902,28,60,1093.68,1,15608
1903,184,16,298.48,3,15609
1904,51,6,112.46,0,15610
1905,9,43,1591.45,1,15611
1906,36,6,195.15,0,15612
1907,32,45,776.851,0,15618
1908,56,100,1553.18,1,15620
1909,4,16,1293.03,0,15621
1910,43,185,3709.56,2,15622
1911,141,19,301.03,3,15623
1912,116,34,588.13,0,15624
1913,103,64,1534.26,1,15625
1914,74,49,675.8,0,15626
1915,4,155,2870.24,2,15628
1916,45,60,1186.35,1,15630
1917,15,167,3285.31,2,15632
1918,17,15,243.55,0,15634
1919,89,25,724.76,0,15636
1920,52,15,223.36,0,15637
1921,134,25,425.32,3,15639
1922,105,119,1887.2,1,15641
1923,191,33,664.0,3,15643
1924,166,238,813.0,2,15644
1925,18,52,612.01,0,15645
1926,157,35,447.64,3,15646
1927,204,25,657.35,3,15648
1928,36,32,646.3,0,15651
1929,91,21,337.74,0,15652
1930,92,6,877.4399999999999,0,15653
1931,9,21,922.53,0,15654
1932,243,34,560.67,3,15655
1933,45,47,748.5,0,15656
1934,190,48,1024.1,3,15658
1935,43,11,306.45,0,15659
1936,25,90,1600.86,1,15660
1937,106,9,138.14,0,15663
1938,50,17,386.43,0,15664
1939,168,116,2242.01,2,15665
1940,39,13,301.32,0,15667
1941,40,33,684.34,0,15669
1942,296,12,173.05,3,15670
1943,18,78,2657.13,1,15671
1944,88,155,2881.02,2,15673
1945,73,114,2446.6,1,15674
1946,81,21,323.69,0,15675
1947,18,202,3435.76,2,15676
1948,49,33,657.23,0,15677
1949,52,12,352.7,0,15678
1950,24,110,781.28,1,15679
1951,9,78,1333.68,1,15680
1952,25,53,1426.16,1,15681
1953,117,10,193.75,0,15683
1954,8,166,2993.1,2,15687
1955,119,9,254.1,0,15689
1956,4,19,239.76,0,15690
1957,28,12,191.04,0,15692
1958,266,22,409.98,3,15695
1959,33,171,2736.46,2,15696
1960,17,18,309.65,0,15699
1961,172,86,696.68,3,15700
1962,2,237,1542.14,2,15701
1963,264,5,211.5,3,15703
1964,140,117,2293.62,1,15704
1965,201,6,143.1,3,15705
1966,63,55,1060.56,0,15706
1967,35,214,945.58,2,15707
1968,40,288,3364.24,2,15708
1969,283,6,133.25,3,15709
1970,9,53,1072.36,1,15712
1971,143,19,356.7,3,15713
1972,11,35,330.88,0,15714
1973,145,118,1118.81,1,15716
1974,234,7,150.3,3,15717
1975,24,128,598.73,1,15720
1976,11,91,507.08,1,15721
1977,35,69,2222.56,1,15722
1978,201,11,218.25,3,15724
1979,15,32,415.25,0,15725
1980,16,302,5178.96,2,15727
1981,65,70,1120.88,1,15730
1982,212,14,294.12,3,15732
1983,282,10,162.3,3,15733
1984,114,26,1339.45,1,15734
1985,14,72,1205.12,1,15737
1986,18,173,4812.42,2,15738
1987,66,8,449.12,0,15739
1988,49,9,154.88,0,15740
1989,16,88,784.46,1,15743
1990,19,62,1094.59,1,15745
1991,134,28,196.88,3,15746
1992,12,93,974.04,1,15747
1993,40,21,149.31,0,15748
1994,2,293,2465.48,2,15750
1995,51,28,458.57,0,15754
1996,10,141,2364.25,1,15755
1997,61,192,532.96,2,15756
1998,65,45,714.42,0,15757
1999,24,9,205.25,0,15758
2000,218,7,253.04,3,15759
2001,65,37,583.75,0,15762
2002,31,61,1086.92,1,15763
2003,88,180,3279.97,2,15764
2004,64,11,315.06,0,15766
2005,115,27,621.8299999999999,0,15768
2006,5,10,635.6800000000001,0,15773
2007,68,25,270.8,0,15774
2008,133,18,241.62,3,15776
2009,241,21,1047.11,3,15777
2010,183,29,475.28,3,15780
2011,25,20,345.46,0,15781
2012,9,43,2614.74,1,15782
2013,10,14,246.3,0,15783
2014,32,83,2328.9700000000003,1,15785
2015,46,267,4932.2,2,15786
2016,26,206,948.05,2,15787
2017,10,35,220.85,0,15790
2018,43,75,1612.69,1,15791
2019,14,12,965.61,0,15793
2020,149,42,610.01,3,15795
2021,113,8,2207.4,1,15797
2022,75,98,884.14,1,15799
2023,107,119,699.08,1,15800
2024,46,64,1063.95,1,15801
2025,51,8,415.8200000000001,0,15803
2026,23,301,5528.4800000000005,2,15805
2027,46,31,784.58,0,15806
2028,50,48,903.9,0,15807
2029,306,208,3734.97,2,15808
2030,36,35,515.77,0,15809
2031,78,89,1391.98,1,15810
2032,22,133,2218.62,1,15811
2033,107,41,1801.14,1,15812
2034,207,40,1303.91,3,15813
2035,16,72,1945.33,1,15814
2036,63,49,2100.6,1,15815
2037,49,123,1905.45,1,15819
2038,44,62,570.96,0,15821
2039,3,33,885.47,0,15822
2040,172,20,532.94,3,15825
2041,56,68,1654.31,1,15826
2042,73,115,1836.09,1,15827
2043,99,51,636.14,0,15829
2044,37,39,576.0,0,15830
2045,58,68,801.76,0,15831
2046,254,54,836.79,3,15832
2047,70,273,2233.75,2,15834
2048,44,50,954.09,0,15835
2049,50,10,137.37,0,15836
2050,64,24,391.98,0,15837
2051,33,62,1048.49,1,15839
2052,58,27,355.56,0,15840
2053,72,47,1224.06,1,15841
2054,303,8,118.95000000000002,3,15843
2055,46,11,130.73999999999998,0,15844
2056,17,138,3711.77,2,15845
2057,38,22,389.27,0,15847
2058,19,97,238.85,1,15850
2059,186,22,160.71,3,15852
2060,4,140,2974.65,2,15854
2061,136,80,712.24,1,15855
2062,18,14,297.0,0,15857
2063,15,191,1438.85,2,15858
2064,40,142,977.21,1,15860
2065,8,147,832.88,1,15862
2066,22,20,1936.32,1,15864
2067,40,40,895.13,0,15865
2068,101,45,230.53,0,15866
2069,277,15,149.64,3,15869
2070,32,76,354.09000000000003,0,15870
2071,14,128,360.93,1,15872
2072,63,120,4405.88,2,15874
2073,198,23,516.36,3,15882
2074,2,49,396.48,0,15883
2075,92,18,379.35,0,15885
2076,60,12,181.09,0,15886
2077,80,12,168.31,0,15888
2078,156,93,446.87,3,15889
2079,226,62,524.52,3,15891
2080,253,41,263.55,3,15894
2081,149,11,179.17,3,15895
2082,194,24,222.05,3,15897
2083,23,51,351.11,0,15900
2084,16,116,363.88,1,15901
2085,9,74,5126.76,2,15903
2086,8,30,164.68,0,15904
2087,19,150,1567.69,1,15906
2088,3,249,967.45,2,15907
2089,173,7,191.94,3,15909
2090,178,19,264.62,3,15912
2091,16,155,1528.09,1,15916
2092,247,12,123.1,3,15917
2093,190,40,334.23,3,15918
2094,19,143,639.89,1,15919
2095,154,60,167.5,3,15920
2096,172,25,336.03000000000003,3,15921
2097,194,12,207.15,3,15925
2098,67,21,426.63,0,15930
2099,4,115,2495.87,1,15932
2100,21,74,1107.46,1,15933
2101,239,12,416.86,3,15935
2102,64,7,145.35,0,15937
2103,112,18,404.58,0,15938
2104,133,14,337.44,3,15942
2105,276,6,325.1,3,15944
2106,82,29,1708.24,1,15947
2107,8,60,955.24,1,15948
2108,16,19,364.72,0,15949
2109,31,98,1765.51,1,15950
2110,8,41,708.22,0,15951
2111,33,91,806.57,1,15952
2112,15,98,1659.38,1,15953
2113,24,183,4416.26,2,15955
2114,31,42,428.89,0,15957
2115,19,28,470.76,0,15963
2116,17,122,845.64,1,15965
2117,23,84,418.83,1,15967
2118,2,20,666.1,0,15969
2119,303,11,314.1,3,15970
2120,17,35,4199.85,2,15971
2121,39,176,3442.15,2,15974
2122,84,24,371.01,0,15975
2123,165,98,430.94,3,15976
2124,17,65,1054.73,1,15977
2125,77,49,1098.78,0,15978
2126,88,43,2398.86,1,15980
2127,24,97,3408.48,2,15981
2128,22,113,1475.02,1,15983
2129,2,270,2837.67,2,15984
2130,123,37,1142.42,1,15985
2131,30,14,168.12,0,15986
2132,12,140,1451.28,1,15987
2133,19,27,158.03,0,15988
2134,44,52,792.11,0,15990
2135,54,35,427.07,0,15994
2136,88,130,1060.68,1,15996
2137,29,103,2735.37,1,16003
2138,12,218,615.39,2,16005
2139,23,33,478.78,0,16008
2140,22,90,992.71,1,16009
2141,245,86,407.5,3,16010
2142,8,212,3362.71,2,16011
2143,35,94,1415.29,1,16012
2144,37,145,662.38,1,16014
2145,3,182,705.39,1,16015
2146,3,235,1508.76,2,16016
2147,47,32,211.88,0,16017
2148,39,28,408.9,0,16018
2149,46,160,3786.24,2,16019
2150,16,46,851.01,0,16020
2151,260,76,628.28,3,16022
2152,46,101,719.81,1,16023
2153,12,64,251.24,0,16024
2154,29,28,439.66,0,16025
2155,43,32,236.09,0,16026
2156,91,16,934.62,0,16027
2157,309,29,331.24,3,16030
2158,92,100,548.94,1,16031
2159,196,22,437.7,3,16034
2160,87,55,758.92,0,16036
2161,269,39,855.02,3,16037
2162,7,26,471.78,0,16038
2163,65,65,1313.55,1,16040
2164,30,6,3166.4,2,16041
2165,22,71,1197.27,1,16042
2166,37,39,773.99,0,16043
2167,119,83,1340.7,1,16045
2168,40,312,1111.79,2,16049
2169,173,10,137.9,3,16050
2170,54,34,362.06,0,16052
2171,32,84,1511.95,1,16053
2172,145,70,783.9,3,16054
2173,220,8,134.8,3,16055
2174,45,68,664.85,0,16056
2175,16,121,2263.12,1,16057
2176,65,180,1459.86,2,16059
2177,9,64,1153.62,1,16062
2178,260,23,335.32,3,16063
2179,16,102,1521.87,1,16066
2180,22,33,852.15,0,16070
2181,44,21,326.24,0,16071
2182,288,23,584.3199999999999,3,16072
2183,3,129,2234.73,1,16076
2184,16,21,1352.0,0,16079
2185,81,10,217.16,0,16080
2186,56,227,2806.9,2,16081
2187,100,31,1317.62,1,16083
2188,299,38,436.18,3,16084
2189,23,167,981.51,1,16085
2190,59,39,1121.39,0,16086
2191,154,18,315.06,3,16091
2192,114,51,817.86,1,16092
2193,11,63,1078.23,1,16094
2194,264,12,320.62,3,16096
2195,240,10,185.05,3,16097
2196,87,67,2005.63,1,16098
2197,50,39,731.9,0,16099
2198,70,76,1290.7,1,16101
2199,42,57,1842.14,1,16102
2200,7,48,1429.64,1,16103
2201,61,29,302.36,0,16104
2202,248,13,336.96,3,16105
2203,17,31,3204.1600000000003,2,16107
2204,84,48,842.5,0,16108
2205,218,18,611.88,3,16109
2206,143,16,195.74,3,16112
2207,183,30,161.38,3,16113
2208,170,8,135.75000000000003,3,16114
2209,9,284,1667.97,2,16115
2210,211,34,612.78,3,16116
2211,189,30,232.21,3,16117
2212,8,16,423.36,0,16119
2213,59,30,1309.14,0,16120
2214,57,212,867.11,2,16121
2215,73,38,684.4200000000001,0,16122
2216,51,16,307.78,0,16123
2217,39,40,656.25,0,16127
2218,17,89,1880.22,1,16128
2219,51,78,3506.54,2,16131
2220,21,35,618.09,0,16134
2221,262,21,517.55,3,16135
2222,59,37,709.38,0,16136
2223,18,31,635.41,0,16139
2224,65,35,725.18,0,16140
2225,88,30,620.4,0,16141
2226,249,37,535.34,3,16142
2227,3,117,2424.94,1,16143
2228,8,224,3799.49,2,16145
2229,157,29,734.13,3,16146
2230,133,22,375.0,3,16147
2231,4,18,280.52,0,16149
2232,42,117,2053.02,1,16150
2233,268,29,1829.04,3,16152
2234,49,89,1824.23,1,16153
2235,8,130,3122.04,2,16156
2236,15,18,656.69,0,16157
2237,281,14,348.2,3,16159
2238,65,20,1025.44,0,16160
2239,232,6,856.6,3,16163
2240,17,34,822.48,0,16164
2241,10,98,3787.6,2,16168
2242,8,85,1822.97,1,16169
2243,50,125,1885.05,1,16170
2244,95,69,1140.21,1,16172
2245,15,84,1418.32,1,16173
2246,126,23,1009.55,3,16174
2247,94,58,1037.59,1,16175
2248,50,15,331.95,0,16177
2249,138,8,197.9,3,16178
2250,60,11,215.83,0,16179
2251,73,11,305.54,0,16181
2252,67,15,338.71000000000004,0,16183
2253,64,45,1158.79,0,16184
2254,16,31,529.41,0,16185
2255,22,218,4006.94,2,16186
2256,44,67,981.86,1,16188
2257,15,11,215.48,0,16189
2258,40,6,215.08,0,16190
2259,2,134,5180.52,2,16191
2260,236,19,314.45,3,16193
2261,75,15,400.681,0,16198
2262,4,179,1080.62,1,16200
2263,3,111,1863.47,1,16201
2264,58,35,592.9,0,16203
2265,23,57,405.71,0,16204
2266,30,98,761.38,1,16205
2267,54,63,537.0600000000001,0,16206
2268,25,19,394.38,0,16207
2269,44,66,664.26,0,16208
2270,88,46,2262.62,1,16209
2271,88,23,547.02,0,16211
2272,19,41,690.34,0,16212
2273,78,6,159.0,0,16213
2274,170,44,1062.75,3,16214
2275,80,14,242.35,0,16215
2276,267,37,914.93,3,16216
2277,235,15,304.25,3,16217
2278,29,84,3084.68,2,16218
2279,36,97,864.86,1,16221
2280,57,96,1295.3,1,16224
2281,44,134,1096.32,1,16225
2282,203,8,255.12,3,16226
2283,225,6,314.22,3,16227
2284,87,47,1010.6,0,16229
2285,189,35,542.03,3,16230
2286,43,37,990.88,0,16232
2287,71,22,536.6800000000001,0,16233
2288,40,46,867.31,0,16235
2289,78,20,432.2,0,16236
2290,56,19,414.2,0,16239
2291,24,135,3718.8,2,16240
2292,8,294,3603.21,2,16242
2293,33,51,409.1,0,16243
2294,211,91,1522.75,3,16244
2295,23,90,1413.66,1,16245
2296,170,16,114.56,3,16247
2297,61,7,152.94,0,16248
2298,52,69,1800.07,1,16249
2299,261,24,389.44,3,16250
2300,66,123,3683.86,2,16253
2301,16,270,2619.91,2,16255
2302,266,13,752.4300000000001,3,16256
2303,45,135,5203.51,2,16258
2304,50,18,1035.45,0,16260
2305,17,124,746.83,1,16261
2306,9,258,5447.0,2,16265
2307,73,61,861.89,0,16266
2308,71,45,667.65,0,16268
2309,2,133,1429.24,1,16271
2310,116,25,411.7,0,16272
2311,196,33,559.87,3,16275
2312,176,6,810.6000000000001,3,16276
2313,100,23,566.38,0,16278
2314,21,107,1509.58,1,16279
2315,72,17,2062.06,1,16281
2316,5,166,1570.81,1,16283
2317,31,109,823.97,1,16284
2318,169,8,142.5,3,16287
2319,121,17,302.25,0,16292
2320,21,118,2248.99,1,16293
2321,9,79,1328.55,1,16295
2322,268,20,301.9,3,16297
2323,22,27,598.2,0,16298
2324,126,11,233.22,3,16302
2325,25,162,5360.63,2,16303
2326,138,22,361.22,3,16305
2327,213,41,632.27,3,16306
2328,37,4,2560.0,1,16308
2329,106,42,706.57,0,16309
2330,17,37,616.26,0,16311
2331,3,16,274.15000000000003,0,16313
2332,64,151,2938.91,2,16316
2333,119,69,1341.65,1,16317
2334,35,19,328.15,0,16318
2335,172,56,1038.46,3,16320
2336,72,12,373.65,0,16321
2337,128,118,428.68,1,16324
2338,46,18,594.24,0,16325
2339,17,39,251.91,0,16330
2340,28,153,1593.2,1,16332
2341,36,10,151.05,0,16337
2342,157,11,214.8,3,16338
2343,107,153,549.07,1,16340
2344,24,77,1971.87,1,16341
2345,75,15,322.41,0,16342
2346,16,47,370.48,0,16343
2347,44,38,575.41,0,16345
2348,11,92,887.65,1,16347
2349,32,235,1469.45,2,16348
2350,21,57,1116.47,1,16350
2351,17,28,494.44,0,16352
2352,63,39,395.8,0,16354
2353,197,31,211.77,3,16356
2354,33,34,658.88,0,16357
2355,7,66,1750.92,1,16359
2356,9,106,896.66,1,16361
2357,32,81,734.77,1,16362
2358,11,53,707.04,0,16364
2359,17,51,1540.42,1,16365
2360,18,18,327.3,0,16366
2361,37,130,804.49,1,16367
2362,2,76,497.43,1,16368
2363,18,118,1553.66,1,16369
2364,82,228,1320.56,2,16370
2365,33,97,367.93,1,16372
2366,66,111,473.03,1,16374
2367,8,125,987.01,1,16376
2368,267,5,676.2,3,16377
2369,247,23,362.95,3,16378
2370,4,108,2157.4,1,16379
2371,61,32,1780.59,1,16380
2372,74,102,668.36,1,16383
2373,89,33,584.5,0,16384
2374,60,59,555.89,0,16385
2375,28,88,317.2,1,16386
2376,53,34,1382.07,0,16389
2377,269,45,221.19,3,16392
2378,56,83,1555.34,1,16394
2379,60,210,1486.9,2,16395
2380,154,82,1705.8,1,16398
2381,19,73,408.57,0,16399
2382,94,29,303.93,0,16400
2383,264,60,299.6,3,16402
2384,70,23,443.05,0,16404
2385,302,5,167.25,3,16405
2386,18,63,163.07,0,16406
2387,12,172,2126.93,2,16407
2388,36,232,2028.88,2,16409
2389,19,45,214.65,0,16411
2390,53,35,151.83,0,16412
2391,56,31,262.2,0,16413
2392,21,7,126.25,0,16414
2393,44,54,210.35,0,16415
2394,26,71,1051.4,1,16416
2395,44,102,675.27,1,16418
2396,112,51,972.23,1,16419
2397,24,18,346.12,0,16423
2398,191,5,133.56,3,16424
2399,302,21,302.7,3,16425
2400,263,9,241.06,3,16427
2401,57,6,300.85,0,16430
2402,213,83,642.81,3,16431
2403,64,8,287.4,0,16432
2404,28,17,184.26,0,16433
2405,29,109,1522.25,1,16434
2406,5,132,798.35,1,16438
2407,7,282,3640.67,2,16440
2408,67,24,381.2,0,16441
2409,46,84,654.67,1,16444
2410,33,63,230.51,0,16445
2411,135,36,259.01,3,16447
2412,198,20,188.89,3,16448
2413,197,40,707.69,3,16449
2414,149,11,311.92,3,16450
2415,87,14,266.97,0,16451
2416,63,99,1841.18,1,16455
2417,99,111,2158.37,1,16456
2418,218,9,208.36,3,16457
2419,2,202,3482.74,2,16458
2420,28,135,814.72,1,16460
2421,177,33,151.42,3,16461
2422,21,82,1422.4,1,16463
2423,19,236,1314.68,2,16464
2424,33,148,1603.46,1,16466
2425,23,182,650.43,1,16469
2426,51,170,762.39,1,16470
2427,274,13,223.95,3,16471
2428,164,18,316.11,3,16473
2429,88,28,544.3,0,16475
2430,63,146,2494.46,2,16477
2431,25,17,331.0,0,16478
2432,10,35,300.83,0,16479
2433,75,53,769.29,0,16480
2434,15,18,220.62,0,16482
2435,192,19,139.35,3,16483
2436,173,25,404.3,3,16484
2437,77,42,363.65,0,16485
2438,33,29,498.8,0,16488
2439,46,39,731.5,0,16491
2440,79,56,1351.63,1,16493
2441,296,50,826.53,3,16494
2442,3,97,684.41,1,16495
2443,8,95,1599.52,1,16496
2444,49,136,2965.69,2,16497
2445,4,11,400.86,0,16500
2446,106,84,1431.93,1,16503
2447,25,86,484.38,1,16504
2448,31,4,777.6,0,16505
2449,296,13,363.7,3,16509
2450,21,169,950.26,1,16511
2451,4,35,874.59,0,16513
2452,52,113,1627.13,1,16515
2453,277,17,162.7,3,16517
2454,61,40,484.32,0,16518
2455,25,13,215.08,0,16519
2456,186,156,1046.57,2,16520
2457,171,15,290.36,3,16526
2458,81,14,228.06,0,16527
2459,3,17,244.41,0,16528
2460,190,30,455.25,3,16529
2461,22,77,1244.59,1,16531
2462,19,177,1095.56,1,16533
2463,5,31,593.75,0,16535
2464,110,55,548.97,0,16536
2465,2,45,1388.81,1,16539
2466,53,5,119.62,0,16542
2467,290,25,787.15,3,16546
2468,108,251,2298.97,2,16550
2469,95,32,922.12,0,16551
2470,242,17,379.73,3,16552
2471,163,84,5719.82,2,16553
2472,42,52,837.1,0,16554
2473,35,17,285.89,0,16555
2474,66,207,3313.79,2,16556
2475,24,11,281.85,0,16557
2476,26,57,841.41,0,16560
2477,5,31,511.12,0,16561
2478,53,19,1077.74,0,16563
2479,15,18,614.66,0,16566
2480,194,35,865.6,3,16567
2481,3,5,124.2,0,16569
2482,15,126,3738.4,2,16570
2483,26,87,1421.69,1,16571
2484,127,57,1009.6,1,16572
2485,84,42,663.61,0,16573
2486,71,28,451.44,0,16574
2487,113,6,313.62,0,16582
2488,80,28,936.08,0,16584
2489,248,8,463.95,3,16586
2490,232,13,225.15,3,16587
2491,71,33,459.24,0,16589
2492,68,10,213.5,0,16591
2493,4,216,4113.68,2,16592
2494,50,27,330.03,0,16593
2495,75,53,181.09,0,16594
2496,61,85,360.16,1,16595
2497,15,12,250.15,0,16596
2498,285,10,145.04999999999998,3,16598
2499,4,62,813.52,0,16600
2500,40,31,244.8,0,16601
2501,36,29,528.08,0,16602
2502,74,34,482.47,0,16603
2503,17,172,3347.71,2,16607
2504,15,276,5493.46,2,16609
2505,186,10,129.49,3,16611
2506,32,66,1187.66,1,16612
2507,70,30,618.59,0,16613
2508,182,26,506.19,3,16614
2509,15,33,500.42,0,16616
2510,235,5,151.85,3,16617
2511,31,96,2647.59,1,16618
2512,263,14,226.21,3,16619
2513,3,9,178.96,0,16620
2514,51,29,813.48,0,16621
2515,245,5,129.45,3,16623
2516,80,48,810.5699999999999,0,16624
2517,274,23,333.08,3,16625
2518,79,20,322.8,0,16627
2519,29,117,2188.05,1,16628
2520,73,64,417.73,0,16629
2521,17,152,2883.1,2,16633
2522,222,9,217.9,3,16634
2523,32,69,1154.47,1,16637
2524,22,94,1680.72,1,16638
2525,31,50,1257.51,1,16639
2526,105,12,231.1,0,16641
2527,4,34,688.33,0,16642
2528,245,27,487.51,3,16643
2529,177,62,833.78,3,16644
2530,169,14,214.06,3,16647
2531,42,19,290.66,0,16648
2532,71,24,518.42,0,16650
2533,16,69,1212.66,1,16653
2534,141,29,601.27,3,16654
2535,17,261,3794.52,2,16655
2536,9,208,933.62,2,16657
2537,16,16,1267.65,0,16660
2538,19,32,118.98,0,16666
2539,68,53,570.13,0,16667
2540,15,20,306.72,0,16668
2541,23,160,1374.87,1,16669
2542,16,252,4095.9,2,16670
2543,28,6,1692.27,1,16671
2544,54,98,319.61,1,16674
2545,33,89,1592.12,1,16676
2546,2,163,3109.99,2,16678
2547,43,10,183.7,0,16680
2548,72,44,1770.34,1,16681
2549,4,30,1028.0,0,16682
2550,61,62,324.24,0,16685
2551,75,13,422.6,0,16689
2552,72,12,225.58,0,16690
2553,68,60,482.01,0,16693
2554,135,10,657.9000000000001,3,16696
2555,241,21,112.75,3,16697
2556,226,5,1998.0,3,16698
2557,8,308,5076.55,2,16700
2558,8,144,5398.3,2,16701
2559,37,123,531.35,1,16706
2560,45,27,656.63,0,16708
2561,84,79,3029.87,2,16709
2562,3,22,1651.03,1,16711
2563,218,93,1161.53,3,16714
2564,78,19,301.72,0,16715
2565,23,199,3858.38,2,16717
2566,14,201,1790.42,2,16719
2567,26,27,155.24,0,16720
2568,262,37,292.47,3,16721
2569,17,225,4730.81,2,16722
2570,91,43,589.15,0,16723
2571,302,151,781.02,2,16725
2572,26,185,1382.02,2,16726
2573,46,269,1054.67,2,16728
2574,52,82,743.11,1,16730
2575,31,28,603.75,0,16732
2576,52,53,650.51,0,16734
2577,78,125,2300.56,1,16735
2578,176,13,323.0,3,16739
2579,29,191,2238.09,2,16743
2580,11,242,1304.76,2,16744
2581,37,42,836.06,0,16747
2582,17,69,1515.9,1,16748
2583,44,95,623.93,1,16750
2584,30,25,1764.72,1,16751
2585,58,34,223.92,0,16753
2586,114,170,1496.83,2,16755
2587,214,13,239.4,3,16756
2588,65,22,369.34,0,16758
2589,7,42,789.79,0,16759
2590,96,13,316.62,0,16761
2591,19,89,1501.38,1,16762
2592,198,23,611.85,3,16763
2593,273,34,1145.6,3,16766
2594,30,222,5580.6,2,16767
2595,47,54,478.09,0,16768
2596,260,40,380.39,3,16769
2597,57,145,770.1,1,16770
2598,33,255,2246.81,2,16771
2599,57,26,171.59,0,16773
2600,67,48,661.52,0,16774
2601,10,158,1695.66,1,16775
2602,60,76,388.28,0,16776
2603,80,50,226.35,0,16777
2604,74,16,245.94,0,16778
2605,100,60,425.19,0,16780
2606,10,190,2279.9,2,16782
2607,123,155,597.48,1,16788
2608,3,93,1545.62,1,16790
2609,57,16,243.84,0,16793
2610,89,18,305.62,0,16796
2611,11,164,1201.49,1,16800
2612,163,76,1619.73,1,16801
2613,65,24,332.3,0,16803
2614,23,60,536.99,0,16804
2615,173,98,460.59,3,16805
2616,103,103,801.49,1,16806
2617,142,67,1121.59,1,16807
2618,99,23,288.42,0,16808
2619,23,149,914.69,1,16809
2620,192,15,309.54,3,16810
2621,4,28,547.07,0,16811
2622,103,28,417.06,0,16816
2623,2,86,1604.75,1,16817
2624,10,189,3349.57,2,16818
2625,95,26,497.61,0,16820
2626,227,38,358.38,3,16823
2627,15,26,460.64,0,16824
2628,38,28,775.1800000000001,0,16825
2629,51,22,341.7,0,16826
2630,93,8,128.5,0,16828
2631,156,11,197.22,3,16829
2632,38,23,325.91,0,16830
2633,184,12,199.15,3,16832
2634,227,24,413.46,3,16834
2635,128,10,180.85,3,16835
2636,39,11,251.87,0,16836
2637,31,165,3170.98,2,16837
2638,197,25,588.85,3,16838
2639,36,116,1869.82,1,16841
2640,100,63,1264.19,1,16842
2641,50,11,214.32,0,16846
2642,43,12,193.44,0,16847
2643,52,14,281.42,0,16848
2644,186,8,124.57,3,16849
2645,4,20,342.45,0,16851
2646,10,9,144.91000000000005,0,16852
2647,23,19,328.4,0,16855
2648,144,52,747.81,3,16859
2649,59,6,173.76,0,16861
2650,31,26,502.8,0,16863
2651,140,11,207.74,3,16866
2652,22,128,825.42,1,16869
2653,22,137,2812.34,2,16871
2654,77,7,680.02,0,16872
2655,67,112,2095.53,1,16875
2656,12,159,853.72,1,16877
2657,30,178,1519.08,2,16880
2658,66,39,705.12,0,16882
2659,187,38,276.73,3,16883
2660,37,26,429.84,0,16884
2661,15,101,471.51,1,16885
2662,35,37,194.88,0,16887
2663,194,135,1578.67,2,16889
2664,64,69,219.14,0,16895
2665,299,37,289.78,3,16897
2666,26,162,508.81,1,16898
2667,7,125,1281.56,1,16899
2668,16,79,887.11,1,16900
2669,116,44,1706.88,1,16902
2670,29,60,373.24,0,16903
2671,5,208,3102.43,2,16905
2672,81,93,579.77,1,16906
2673,29,151,981.65,1,16907
2674,72,18,379.14,0,16909
2675,28,101,2575.38,1,16912
2676,290,8,113.44,3,16913
2677,36,38,208.46,0,16914
2678,9,57,621.6800000000001,0,16915
2679,23,143,576.26,1,16916
2680,276,9,391.52,3,16917
2681,49,128,1068.82,1,16918
2682,61,60,169.79,0,16921
2683,21,83,846.75,1,16924
2684,115,6,543.05,0,16927
2685,80,209,2847.6,2,16928
2686,3,77,1295.39,1,16929
2687,26,54,380.55,0,16930
2688,53,53,161.94,0,16932
2689,54,62,950.93,0,16934
2690,25,57,262.68,0,16936
2691,8,241,2736.38,2,16938
2692,52,305,3049.88,2,16940
2693,12,281,1920.59,2,16942
2694,211,33,816.73,3,16943
2695,21,249,4345.5,2,16945
2696,235,21,406.48,3,16947
2697,138,19,435.02,3,16948
2698,3,60,1286.27,1,16949
2699,56,42,1178.56,0,16950
2700,134,86,1277.75,1,16951
2701,109,16,167.61,0,16952
2702,184,25,518.67,3,16955
2703,17,16,308.74,0,16956
2704,239,16,416.64,3,16957
2705,87,7,117.35,0,16959
2706,38,101,507.05,1,16960
2707,116,14,234.17,0,16961
2708,226,26,201.19,3,16965
2709,8,28,2154.97,1,16966
2710,189,21,319.02,3,16967
2711,4,31,439.43,0,16968
2712,39,42,650.41,0,16969
2713,38,41,357.21,0,16971
2714,77,39,344.33,0,16978
2715,3,89,1852.0,1,16979
2716,255,87,1078.96,3,16980
2717,60,22,384.06,0,16982
2718,12,148,1931.25,1,16983
2719,17,120,5464.12,2,16985
2720,3,129,1625.05,1,16987
2721,5,7,126.12,0,16988
2722,7,12,1133.25,0,16989
2723,10,93,1614.31,1,16992
2724,30,37,1456.96,1,16996
2725,288,12,702.0,3,16997
2726,149,4,295.0,3,16998
2727,23,23,484.82,0,16999
2728,85,49,1493.73,1,17002
2729,46,44,1412.94,1,17004
2730,4,44,781.78,0,17006
2731,50,52,889.9300000000001,0,17007
2732,18,11,195.36,0,17010
2733,30,15,270.9,0,17011
2734,8,74,586.33,1,17014
2735,28,217,1842.56,2,17015
2736,40,16,920.1,0,17018
2737,11,234,1272.61,2,17019
2738,60,9,357.77,0,17025
2739,185,4,154.82999999999998,3,17026
2740,78,153,890.29,1,17027
2741,63,11,146.87,0,17030
2742,11,22,380.35,0,17031
2743,86,28,1030.14,0,17033
2744,16,30,745.52,0,17034
2745,245,28,433.53,3,17035
2746,87,75,1267.32,1,17037
2747,30,22,112.4,0,17038
2748,137,15,449.73,3,17040
2749,26,70,1081.57,1,17041
2750,2,98,1044.38,1,17042
2751,32,102,1735.18,1,17043
2752,25,6,948.48,0,17044
2753,113,22,339.44,0,17045
2754,157,22,642.02,3,17046
2755,85,65,1100.9,1,17047
2756,117,43,925.35,1,17048
2757,194,43,247.14,3,17051
2758,28,92,413.75,1,17052
2759,130,13,498.48,3,17053
2760,28,83,1356.33,1,17054
2761,81,62,1179.89,1,17058
2762,266,5,234.24,3,17060
2763,73,99,5232.2300000000005,2,17061
2764,21,78,1461.14,1,17063
2765,58,62,859.35,0,17064
2766,12,296,4552.14,2,17068
2767,28,143,2709.7000000000003,2,17069
2768,114,64,312.14,0,17070
2769,28,140,2429.03,1,17071
2770,17,174,1446.09,1,17073
2771,17,77,834.12,1,17075
2772,36,25,841.0799999999999,0,17076
2773,36,28,378.2,0,17078
2774,22,8,287.62,0,17080
2775,25,64,290.16,0,17081
2776,33,81,2003.85,1,17082
2777,109,52,1405.78,1,17083
2778,35,162,2949.75,2,17084
2779,123,187,1566.65,2,17085
2780,7,96,2050.08,1,17086
2781,28,115,1991.01,1,17088
2782,4,63,2043.95,1,17090
2783,2,195,3827.76,2,17091
2784,50,125,1777.78,1,17092
2785,22,74,1324.16,1,17095
2786,15,48,1022.13,0,17096
2787,2,211,954.42,2,17097
2788,18,65,971.74,1,17100
2789,10,42,1621.73,1,17101
2790,159,90,665.78,3,17105
2791,29,117,885.04,1,17109
2792,165,12,163.29999999999998,3,17110
2793,47,30,248.61,0,17111
2794,5,127,808.62,1,17114
2795,8,39,837.5,0,17115
2796,288,9,116.2,3,17117
2797,3,35,606.91,0,17119
2798,233,18,307.46,3,17120
2799,119,7,138.32,0,17122
2800,161,9,345.29999999999995,3,17123
2801,185,32,298.89,3,17124
2802,50,40,259.35,0,17125
2803,152,260,1004.75,2,17126
2804,5,134,2463.17,1,17131
2805,15,27,4892.240000000001,2,17133
2806,106,24,425.0,0,17134
2807,16,52,1139.73,1,17135
2808,275,24,380.5,3,17138
2809,247,20,465.32,3,17140
2810,239,15,579.0,3,17142
2811,105,35,749.78,0,17146
2812,22,81,1714.59,1,17147
2813,51,9,124.88,0,17148
2814,194,14,1689.5,3,17152
2815,24,14,213.78,0,17153
2816,75,23,329.34,0,17154
2817,17,20,251.7,0,17155
2818,7,13,319.0,0,17157
2819,32,67,1266.97,1,17158
2820,21,101,1538.88,1,17159
2821,31,229,3518.03,2,17160
2822,28,104,1715.46,1,17162
2823,21,5,293.1,0,17163
2824,32,144,2467.35,2,17164
2825,284,10,158.68,3,17165
2826,38,12,206.34,0,17166
2827,57,54,835.78,0,17169
2828,289,16,224.91,3,17171
2829,78,15,317.76,0,17172
2830,5,86,3766.6,2,17173
2831,44,63,1443.69,1,17175
2832,201,15,306.13,3,17176
2833,178,80,711.79,3,17179
2834,56,128,796.03,1,17180
2835,57,23,239.92,0,17181
2836,7,73,3347.31,2,17183
2837,226,10,203.95,3,17187
2838,11,84,2474.23,1,17188
2839,106,61,384.4,0,17189
2840,58,19,444.74,0,17190
2841,28,237,2095.13,2,17191
2842,35,32,1699.3000000000002,1,17193
2843,273,29,262.62,3,17194
2844,29,29,1013.01,0,17197
2845,23,96,692.22,1,17198
2846,53,40,342.63,0,17201
2847,35,152,3563.85,2,17203
2848,175,57,1564.56,3,17204
2849,53,13,384.08,0,17205
2850,53,7,204.24,0,17206
2851,26,211,2317.2200000000003,2,17211
2852,253,4,226.85,3,17212
2853,40,157,2781.23,2,17213
2854,60,103,1069.12,1,17214
2855,234,9,113.5,3,17217
2856,4,274,1960.72,2,17218
2857,31,25,114.23,0,17219
2858,7,63,335.13,0,17221
2859,65,28,354.15,0,17222
2860,310,49,426.79,3,17223
2861,308,21,393.49,3,17226
2862,18,47,939.32,0,17227
2863,15,208,1906.09,2,17228
2864,96,47,318.76,0,17229
2865,264,69,3638.41,2,17230
2866,2,36,421.52,0,17232
2867,35,25,190.88,0,17233
2868,182,14,149.89,3,17234
2869,25,29,550.06,0,17235
2870,12,105,916.13,1,17236
2871,11,19,314.69,0,17237
2872,108,40,1135.04,1,17242
2873,53,31,954.9,0,17244
2874,204,9,171.45,3,17245
2875,15,55,282.19,0,17247
2876,120,69,318.65,1,17248
2877,3,57,384.52,0,17250
2878,116,87,353.86,1,17252
2879,18,18,178.26,0,17253
2880,4,112,272.44,1,17254
2881,40,78,298.41,0,17255
2882,107,16,240.0,0,17256
2883,148,124,603.37,1,17259
2884,52,12,1253.36,0,17262
2885,138,127,562.9,1,17265
2886,2,80,310.64,1,17266
2887,127,38,317.62,3,17267
2888,107,6,763.64,0,17268
2889,42,114,2148.63,1,17272
2890,227,69,1065.35,3,17277
2891,241,15,246.04,3,17278
2892,57,9,187.83,0,17279
2893,130,94,1703.41,1,17282
2894,60,292,1652.58,2,17284
2895,21,45,153.92,0,17286
2896,26,124,1064.11,1,17287
2897,9,142,1419.73,1,17288
2898,31,111,944.41,1,17289
2899,3,102,525.24,1,17290
2900,8,135,1875.11,1,17293
2901,28,69,556.95,0,17295
2902,17,51,131.78,0,17297
2903,101,30,498.42,0,17298
2904,11,57,669.11,0,17299
2905,21,66,197.63,0,17301
2906,14,79,1135.63,1,17302
2907,78,55,1384.85,1,17311
2908,138,14,644.3,3,17312
2909,31,24,2328.84,1,17313
2910,24,131,2527.92,1,17314
2911,46,9,2600.34,1,17317
2912,100,73,1200.62,1,17320
2913,8,107,700.86,1,17321
2914,15,200,921.07,2,17323
2915,17,50,990.23,0,17324
2916,14,33,523.11,0,17329
2917,22,6,363.9,0,17330
2918,85,28,494.25,0,17333
2919,302,11,307.02,3,17334
2920,94,9,243.36,0,17339
2921,156,183,781.36,2,17341
2922,46,32,160.57,0,17344
2923,15,87,537.74,1,17345
2924,14,215,1159.52,2,17348
2925,8,71,1286.07,1,17350
2926,36,27,587.15,0,17351
2927,129,8,1740.0,1,17353
2928,50,16,1393.06,0,17354
2929,311,19,178.22,3,17356
2930,24,45,388.14,0,17357
2931,303,59,365.85,3,17358
2932,11,15,127.86,0,17359
2933,17,132,585.79,1,17360
2934,49,29,488.2,0,17361
2935,239,35,312.23,3,17362
2936,238,34,168.4,3,17367
2937,23,111,1912.67,1,17368
2938,72,33,446.18,0,17370
2939,17,87,423.89,1,17371
2940,40,253,1342.68,2,17372
2941,40,57,646.92,0,17373
2942,218,28,495.77,3,17374
2943,199,69,400.1,3,17375
2944,70,24,203.2,0,17376
2945,11,83,404.66,1,17379
2946,4,51,199.29,0,17383
2947,19,15,336.4,0,17384
2948,14,47,261.11,0,17385
2949,7,28,2686.42,1,17386
2950,19,78,784.11,1,17387
2951,77,15,1259.56,0,17388
2952,306,62,457.91,3,17392
2953,219,4,203.87,3,17394
2954,22,92,696.41,1,17397
2955,114,38,653.38,0,17398
2956,126,213,2129.96,2,17400
2957,4,59,2633.85,1,17402
2958,36,33,281.62,0,17403
2959,184,13,771.85,3,17409
2960,16,64,1214.72,1,17410
2961,12,41,778.94,0,17411
2962,2,66,1258.06,1,17412
2963,43,6,778.0,0,17414
2964,79,14,507.84,0,17415
2965,42,30,463.46,0,17418
2966,11,206,4226.57,2,17419
2967,50,30,598.83,0,17420
2968,16,117,1979.37,1,17422
2969,46,26,698.41,0,17423
2970,19,43,759.17,0,17425
2971,8,271,5037.26,2,17426
2972,128,39,524.9200000000001,3,17429
2973,32,14,265.76,0,17430
2974,18,48,365.76,0,17432
2975,88,54,303.16,0,17433
2976,2,134,2373.82,1,17434
2977,253,17,388.4500000000001,3,17438
2978,156,5,186.42,3,17440
2979,36,135,2248.56,1,17442
2980,147,135,2940.04,2,17444
2981,176,9,120.9,3,17446
2982,40,36,541.53,0,17447
2983,2,277,2520.86,2,17449
2984,17,19,486.72,0,17453
2985,192,61,517.53,3,17454
2986,203,8,131.7,3,17455
2987,126,19,1737.7,1,17457
2988,15,54,316.5,0,17458
2989,43,111,657.3,1,17459
2990,94,29,622.4300000000001,0,17460
2991,22,111,757.46,1,17461
2992,60,27,675.69,0,17462
2993,16,215,1896.41,2,17463
2994,158,9,289.96000000000004,3,17464
2995,10,41,763.28,0,17466
2996,10,5,137.0,0,17468
2997,16,88,1870.97,1,17469
2998,44,78,1125.07,1,17470
2999,191,181,710.29,2,17472
3000,79,14,194.37,0,17475
3001,77,29,511.82,0,17480
3002,3,82,1255.59,1,17481
3003,65,21,414.04,0,17483
3004,261,24,396.87,3,17486
3005,58,29,376.64,0,17489
3006,248,12,374.57,3,17492
3007,7,27,497.56,0,17495
3008,75,17,272.22,0,17498
3009,289,40,622.88,3,17499
3010,17,5,1138.0,0,17500
3011,220,18,288.6,3,17501
3012,9,28,689.1,0,17502
3013,2,38,558.96,0,17503
3014,206,127,2997.03,2,17504
3015,161,52,1145.84,3,17505
3016,75,14,302.2,0,17506
3017,261,88,605.58,3,17507
3018,280,22,387.31,3,17508
3019,24,20,308.48,0,17510
3020,28,105,2924.99,2,17512
3021,72,6,513.2,0,17513
3022,128,40,208.65,3,17514
3023,31,87,639.02,1,17515
3024,15,137,768.08,1,17516
3025,308,11,153.94,3,17517
3026,17,82,1844.02,1,17519
3027,53,30,546.81,0,17520
3028,29,45,723.2099999999999,0,17521
3029,11,33,652.74,0,17523
3030,4,19,1195.9,0,17526
3031,53,47,939.37,0,17527
3032,190,14,296.7,3,17531
3033,53,9,223.36,0,17534
3034,280,13,164.4,3,17535
3035,29,75,897.62,1,17537
3036,24,25,578.9,0,17540
3037,269,25,170.75,3,17542
3038,43,145,645.96,1,17545
3039,23,6,148.86,0,17549
3040,197,42,267.16,3,17550
3041,60,49,930.41,0,17552
3042,19,106,483.26,1,17555
3043,205,6,157.9,3,17556
3044,14,34,541.46,0,17557
3045,94,27,854.95,0,17560
3046,19,46,167.62,0,17561
3047,14,63,1122.38,1,17562
3048,24,49,454.01,0,17564
3049,8,152,901.21,1,17566
3050,7,165,4331.48,2,17567
3051,50,299,1498.51,2,17571
3052,71,12,226.75000000000003,0,17572
3053,29,25,380.6,0,17573
3054,242,8,185.65,3,17574
3055,218,5,143.45999999999998,3,17578
3056,4,50,448.9,0,17579
3057,252,45,215.72,3,17580
3058,236,29,175.27,3,17582
3059,7,35,1242.3,0,17584
3060,109,214,1133.07,2,17585
3061,100,23,1240.2,0,17588
3062,60,253,2404.17,2,17589
3063,2,201,1479.22,2,17590
3064,73,166,2225.9700000000003,2,17591
3065,3,213,3927.34,2,17593
3066,85,50,993.18,0,17594
3067,12,83,388.79,1,17595
3068,23,270,2827.93,2,17596
3069,213,55,2044.37,3,17597
3070,17,13,161.67000000000002,0,17600
3071,239,9,116.01,3,17601
3072,78,11,394.72,0,17603
3073,217,63,309.36,3,17604
3074,33,59,193.42,0,17608
3075,40,237,1112.22,2,17609
3076,53,135,2048.45,1,17612
3077,22,312,4559.150000000001,2,17613
3078,57,100,390.07,1,17614
3079,130,14,329.6,3,17615
3080,5,78,971.58,1,17618
3081,21,26,1379.9,0,17621
3082,32,33,527.0500000000001,0,17623
3083,14,50,843.48,0,17624
3084,18,315,2047.0,2,17625
3085,5,123,1814.12,1,17629
3086,169,26,503.6,3,17630
3087,31,70,1324.84,1,17633
3088,36,297,2361.9700000000003,2,17634
3089,19,20,285.56,0,17636
3090,31,35,547.0600000000001,0,17637
3091,86,5,621.66,0,17640
3092,119,40,712.29,0,17642
3093,219,51,1008.39,3,17646
3094,65,7,133.06,0,17647
3095,60,91,1797.5,1,17648
3096,138,52,868.49,3,17649
3097,21,8,166.08,0,17650
3098,11,232,3945.0,2,17651
3099,25,259,4867.72,2,17652
3100,36,44,1207.56,0,17653
3101,277,22,117.55,3,17654
3102,10,91,2638.94,1,17655
3103,73,82,1674.69,1,17656
3104,25,19,595.42,0,17658
3105,17,158,2999.46,2,17659
3106,141,45,196.0,3,17660
3107,25,86,1802.91,1,17663
3108,18,43,604.64,0,17664
3109,3,18,728.16,0,17666
3110,66,117,2055.51,1,17667
3111,42,68,3406.7200000000003,2,17669
3112,227,11,205.7,3,17670
3113,15,53,1572.71,1,17671
3114,50,110,3178.17,2,17672
3115,74,27,551.04,0,17674
3116,4,78,1387.68,1,17676
3117,263,16,298.11,3,17678
3118,52,30,1992.11,1,17679
3119,23,11,184.4,0,17680
3120,10,118,2474.33,1,17682
3121,43,15,239.41,0,17684
3122,16,130,3191.53,2,17685
3123,7,286,5739.46,2,17686
3124,30,256,4757.95,2,17690
3125,127,46,740.9399999999999,1,17692
3126,137,16,200.47,3,17693
3127,141,15,283.12,3,17694
3128,131,35,765.34,3,17695
3129,38,115,2285.71,1,17696
3130,236,19,338.95,3,17697
3131,260,8,154.95,3,17698
3132,16,142,2534.64,2,17700
3133,252,24,417.95,3,17701
3134,30,74,1824.37,1,17702
3135,35,55,798.74,0,17703
3136,168,31,885.19,3,17704
3137,3,103,1823.52,1,17705
3138,185,5,152.4,3,17707
3139,187,35,267.08,3,17708
3140,169,7,137.45,3,17709
3141,10,23,385.1,0,17711
3142,44,29,522.91,0,17712
3143,22,245,5655.99,2,17716
3144,232,6,139.35,3,17718
3145,37,274,5396.04,2,17719
3146,26,50,1195.94,1,17720
3147,96,115,2424.04,1,17722
3148,127,10,3276.4000000000005,2,17723
3149,71,40,1033.0,0,17724
3150,16,192,3439.08,2,17725
3151,15,66,1060.25,1,17727
3152,3,165,2876.01,2,17728
3153,3,218,5298.4800000000005,2,17730
3154,79,67,1240.11,1,17731
3155,38,35,692.19,0,17733
3156,53,43,700.63,0,17734
3157,9,25,377.44,0,17736
3158,9,10,168.24,0,17737
3159,19,97,1879.05,1,17738
3160,11,47,2791.35,1,17739
3161,113,15,355.11,0,17742
3162,3,136,2322.4,1,17744
3163,178,35,674.52,3,17749
3164,5,193,1797.57,2,17750
3165,17,95,834.99,1,17759
3166,21,25,287.59,0,17760
3167,32,19,712.78,0,17761
3168,50,75,818.8199999999999,1,17764
3169,158,57,371.88,3,17765
3170,15,21,271.2,0,17767
3171,8,105,2273.1800000000003,1,17768
3172,12,310,3997.98,2,17769
3173,198,38,1143.27,3,17770
3174,56,54,245.81,0,17771
3175,10,53,182.77,0,17772
3176,96,156,1225.41,1,17774
3177,24,194,665.86,2,17777
3178,21,82,658.57,1,17779
3179,159,12,188.02,3,17781
3180,72,67,283.47,0,17783
3181,53,13,131.94,0,17785
3182,85,72,278.74,0,17786
3183,152,134,1865.19,1,17787
3184,73,5,1117.9,0,17788
3185,281,14,225.9,3,17789
3186,26,190,1965.55,2,17790
3187,25,58,323.04,0,17793
3188,179,46,350.39,3,17795
3189,40,82,697.9,1,17796
3190,22,111,780.43,1,17797
3191,37,104,1199.01,1,17800
3192,82,140,1285.04,1,17802
3193,73,10,512.31,0,17805
3194,11,43,546.04,0,17806
3195,16,61,5411.91,2,17809
3196,12,141,732.16,1,17812
3197,4,33,387.68,0,17817
3198,71,48,3704.87,2,17819
3199,51,13,298.4,0,17824
3200,5,220,1995.46,2,17827
3201,22,67,1820.09,1,17828
3202,298,30,889.24,3,17829
3203,49,61,155.37,0,17832
3204,2,61,350.64,0,17835
3205,42,169,1593.38,1,17837
3206,26,121,2779.3,2,17838
3207,42,56,338.8,0,17839
3208,303,37,205.48,3,17843
3209,81,51,901.2,0,17848
3210,218,26,605.8000000000001,3,17849
3211,11,24,114.34,0,17852
3212,185,15,311.26,3,17854
3213,5,199,5155.66,2,17858
3214,304,25,148.21,3,17859
3215,3,222,2100.8,2,17861
3216,59,148,3160.0,2,17863
3217,12,102,597.5,1,17864
3218,142,9,329.65,3,17866
3219,30,79,1197.1,1,17867
3220,107,40,428.18,0,17869
3221,2,279,1894.35,2,17870
3222,204,10,155.9,3,17871
3223,80,44,1859.16,1,17873
3224,185,46,683.46,3,17874
3225,170,12,237.61,3,17877
3226,43,26,379.45,0,17878
3227,173,6,178.51999999999998,3,17879
3228,304,8,133.35000000000002,3,17881
3229,3,145,671.77,1,17883
3230,3,117,717.45,1,17884
3231,12,64,190.19,0,17885
3232,31,109,899.61,1,17886
3233,21,67,726.05,0,17888
3234,212,21,203.87,3,17889
3235,162,34,203.86,3,17891
3236,56,28,244.1,0,17892
3237,225,16,112.25,3,17893
3238,71,193,1119.81,2,17894
3239,172,114,566.6,1,17897
3240,85,28,152.06,0,17898
3241,159,32,155.8,3,17899
3242,21,38,191.67,0,17904
3243,71,34,800.24,0,17905
3244,9,39,366.23,0,17911
3245,310,38,311.01,3,17912
3246,58,59,411.6,0,17913
3247,3,80,336.43,1,17914
3248,45,94,341.28,1,17917
3249,88,23,1304.04,0,17919
3250,64,145,826.52,1,17921
3251,11,31,2962.5,1,17924
3252,133,21,397.29,3,17926
3253,45,23,212.54,0,17928
3254,11,5,843.0,0,17929
3255,35,39,1740.48,1,17930
3256,134,65,408.36,3,17931
3257,29,90,1331.57,1,17932
3258,51,21,704.25,0,17934
3259,138,29,145.79,3,17935
3260,5,77,389.84,1,17936
3261,8,43,4301.22,2,17937
3262,49,19,4106.4400000000005,2,17940
3263,233,20,149.57999999999998,3,17946
3264,37,9,176.68,0,17947
3265,72,71,482.2,0,17950
3266,39,20,1008.54,0,17951
3267,198,19,557.3,3,17955
3268,116,7,508.4599999999999,0,17958
3269,21,249,1296.44,2,17961
3270,31,104,471.7,1,17964
3271,37,68,1098.43,1,17966
3272,166,14,228.2,3,17969
3273,211,31,582.59,3,17970
3274,241,31,136.04,3,17972
3275,51,15,337.04,0,17973
3276,24,179,740.79,1,17974
3277,15,296,4488.81,2,17975
3278,29,21,288.14,0,17977
3279,35,146,757.71,1,17979
3280,165,30,811.45,3,17980
3281,145,48,152.68,3,17984
3282,22,23,634.95,0,17985
3283,185,13,198.57,3,17987
3284,11,38,201.12,0,17988
3285,236,29,630.84,3,17990
3286,121,81,678.49,1,17994
3287,74,166,1970.67,2,17997
3288,37,93,382.06,1,17999
3289,12,58,417.23,0,18001
3290,3,60,249.72,0,18005
3291,23,22,444.68,0,18006
3292,70,30,2116.19,1,18008
3293,235,32,257.34,3,18009
3294,256,14,174.8,3,18010
3295,155,31,187.29,3,18013
3296,28,32,166.42,0,18014
3297,4,46,120.03,0,18015
3298,32,123,1483.56,1,18016
3299,108,29,122.14,0,18018
3300,35,191,668.11,2,18022
3301,152,21,389.78,3,18024
3302,98,21,115.31,0,18027
3303,4,9,230.65,0,18030
3304,21,112,422.88,1,18034
3305,35,53,730.4,0,18035
3306,32,96,405.62,1,18036
3307,19,19,357.20000000000005,0,18040
3308,53,7,165.04999999999998,0,18042
3309,24,121,559.51,1,18043
3310,4,127,2088.6,1,18044
3311,45,47,189.4,0,18045
3312,203,7,172.29000000000002,3,18048
3313,70,20,300.02,0,18053
3314,288,19,363.65,3,18056
3315,23,19,306.46,0,18059
3316,21,46,2119.41,1,18061
3317,173,27,720.52,3,18062
3318,133,7,814.0,3,18064
3319,5,137,2392.83,1,18065
3320,75,10,318.0,0,18066
3321,40,37,396.33,0,18067
3322,257,25,453.0,3,18071
3323,185,18,247.44,3,18072
3324,114,73,3877.52,2,18073
3325,23,142,2611.75,2,18075
3326,8,227,2633.01,2,18077
3327,217,29,336.13,3,18078
3328,45,127,3651.97,2,18079
3329,36,17,343.45,0,18081
3330,25,73,703.37,1,18082
3331,61,39,167.67000000000002,0,18088
3332,93,36,2106.52,1,18093
3333,81,70,3017.3,2,18094
3334,11,213,911.15,2,18096
3335,7,108,2697.8,1,18097
3336,127,19,168.31,3,18099
3337,11,41,223.65,0,18101
3338,37,38,754.64,0,18104
3339,37,18,113.48000000000002,0,18105
3340,254,17,271.0,3,18108
3341,19,46,236.3,0,18110
3342,12,26,352.69,0,18112
3343,290,28,220.1,3,18114
3344,25,74,320.72,0,18117
3345,149,32,673.1,3,18121
3346,24,36,589.4399999999999,0,18123
3347,29,196,1142.99,2,18125
3348,60,56,206.83,0,18126
3349,19,47,348.73,0,18127
3350,243,14,112.55,3,18129
3351,15,70,1059.39,1,18130
3352,29,20,681.9100000000001,0,18135
3353,63,38,784.33,0,18136
3354,295,8,152.65,3,18138
3355,157,15,1019.52,3,18142
3356,116,61,1000.16,1,18143
3357,7,43,2888.75,1,18144
3358,12,221,2861.55,2,18145
3359,140,10,160.35000000000002,3,18146
3360,45,7,179.33999999999995,0,18147
3361,50,16,612.0799999999999,0,18149
3362,32,37,566.58,0,18150
3363,134,38,653.35,3,18151
3364,3,21,399.19,0,18154
3365,75,25,371.62,0,18155
3366,12,140,734.94,1,18156
3367,9,34,453.4,0,18158
3368,301,23,530.15,3,18159
3369,57,39,638.0600000000001,0,18160
3370,15,80,1618.69,1,18161
3371,37,24,399.65,0,18164
3372,177,10,302.46000000000004,3,18165
3373,23,37,1384.86,1,18167
3374,176,131,1169.94,1,18168
3375,60,9,202.65,0,18169
3376,33,38,980.31,0,18170
3377,58,54,1231.31,1,18171
3378,86,31,2106.84,1,18173
3379,31,74,1341.42,1,18177
3380,128,97,1590.81,1,18178
3381,9,90,1793.17,1,18179
3382,4,119,1843.75,1,18180
3383,24,44,382.8,0,18181
3384,227,37,632.07,3,18183
3385,249,17,304.25,3,18185
3386,15,71,2001.04,1,18188
3387,77,68,1090.24,1,18189
3388,192,15,284.46000000000004,3,18190
3389,261,7,207.8,3,18191
3390,71,45,957.97,0,18192
3391,165,16,243.76,3,18193
3392,82,7,973.84,0,18194
3393,95,141,689.13,1,18196
3394,4,159,5425.56,2,18198
3395,106,32,163.8,0,18200
3396,199,68,1396.99,3,18202
3397,157,19,160.42000000000002,3,18203
3398,71,200,1993.7,2,18204
3399,36,32,517.36,0,18205
3400,28,8,139.10000000000002,0,18209
3401,25,42,600.07,0,18211
3402,236,15,232.48,3,18213
3403,89,13,299.34000000000003,0,18215
3404,31,26,481.75,0,18216
3405,29,31,621.75,0,18217
3406,211,21,662.08,3,18218
3407,2,114,2069.77,1,18219
3408,22,64,1041.61,1,18221
3409,92,19,443.0,0,18222
3410,263,10,158.95000000000002,3,18224
3411,3,271,5509.12,2,18225
3412,44,242,5228.05,2,18226
3413,56,30,779.9,0,18228
3414,9,86,2810.2000000000003,1,18230
3415,192,124,2083.27,2,18231
3416,81,37,592.97,0,18232
3417,71,104,1796.48,1,18235
3418,29,49,882.24,0,18236
3419,2,61,987.1,1,18237
3420,218,88,1561.61,3,18239
3421,46,6,422.58,0,18240
3422,9,104,2073.09,1,18241
3423,72,78,2232.49,1,18242
3424,7,175,2567.06,2,18245
3425,23,4,596.1,0,18246
3426,122,47,804.02,1,18248
3427,310,21,349.27,3,18250
3428,87,16,4314.72,2,18251
3429,50,98,526.67,1,18252
3430,39,118,2337.63,1,18257
3431,24,42,2338.6000000000004,1,18259
3432,172,134,2643.2000000000003,2,18260
3433,43,21,324.24,0,18261
3434,140,13,149.48,3,18262
3435,25,61,1213.16,1,18263
3436,72,46,801.51,0,18265
3437,38,11,283.15,0,18270
3438,2,166,3078.58,2,18272
3439,30,11,175.92,0,18274
3440,43,14,335.86,0,18276
3441,73,9,173.9,0,18278
3442,277,10,180.6,3,18280
3443,7,12,178.05,0,18282
3444,42,70,1837.28,1,18287
